time_s,pos_x_m,pos_y_m,pos_z_m,pitch_rad,cg_body_x_m,cg_body_y_m,cg_body_z_m,nozzle_angle_rad
0,0,0,0,1.570796,5.528015,0,0,0
0.01,-2.926591e-13,0,0.000924841,1.570796,5.528084,0,0,4.993776e-16
0.02,-5.896952e-13,0,0.003699558,1.570796,5.528153,0,0,1.066495e-16
0.03,-8.866965e-13,0,0.00832444,1.570796,5.528223,0,0,1.571447e-16
0.04,-1.183662e-12,0,0.01479978,1.570796,5.528292,0,0,2.086337e-16
0.05,-1.480591e-12,0,0.02312586,1.570796,5.528361,0,0,2.603166e-16
0.06,-1.777483e-12,0,0.03330298,1.570796,5.52843,0,0,3.120993e-16
0.07,-2.074338e-12,0,0.04533143,1.570796,5.528499,0,0,3.639411e-16
0.08,-2.371154e-12,0,0.05921148,1.570796,5.528568,0,0,4.158212e-16
0.09,-2.667932e-12,0,0.07494345,1.570796,5.528637,0,0,4.677284e-16
0.1,-2.964671e-12,0,0.0925276,1.570796,5.528706,0,0,5.196552e-16
0.11,-3.261369e-12,0,0.1119642,1.570796,5.528775,0,0,5.715974e-16
0.12,-3.558028e-12,0,0.1332536,1.570796,5.528844,0,0,6.235517e-16
0.13,-3.854646e-12,0,0.1563961,1.570796,5.528913,0,0,6.755156e-16
0.14,-4.151222e-12,0,0.1813919,1.570796,5.528982,0,0,7.274874e-16
0.15,-4.447756e-12,0,0.2082413,1.570796,5.529051,0,0,7.79466e-16
0.16,-4.744247e-12,0,0.2369447,1.570796,5.52912,0,0,8.3145e-16
0.17,-5.040696e-12,0,0.2675023,1.570796,5.529189,0,0,8.834385e-16
0.18,-5.3371e-12,0,0.2999143,1.570796,5.529258,0,0,9.35431e-16
0.19,-5.633461e-12,0,0.3341812,1.570796,5.529327,0,0,9.874265e-16
0.2,-5.929776e-12,0,0.3703031,1.570796,5.529396,0,0,1.039425e-15
0.21,-6.226046e-12,0,0.4082804,1.570796,5.529465,0,0,1.091425e-15
0.22,-6.52227e-12,0,0.4481133,1.570796,5.529534,0,0,1.143426e-15
0.23,-6.818448e-12,0,0.4898022,1.570796,5.529603,0,0,1.195428e-15
0.24,-7.114578e-12,0,0.5333472,1.570796,5.529671,0,0,1.247431e-15
0.25,-7.410661e-12,0,0.5787488,1.570796,5.52974,0,0,1.299434e-15
0.26,-7.706696e-12,0,0.6260071,1.570796,5.529809,0,0,1.351436e-15
0.27,-8.002681e-12,0,0.6751226,1.570796,5.529878,0,0,1.403438e-15
0.28,-8.298618e-12,0,0.7260954,1.570796,5.529947,0,0,1.455439e-15
0.29,-8.594504e-12,0,0.7789258,1.570796,5.530015,0,0,1.507438e-15
0.3,-8.890341e-12,0,0.8336142,1.570796,5.530084,0,0,1.559435e-15
0.31,-9.186126e-12,0,0.8901608,1.570796,5.530153,0,0,1.611429e-15
0.32,-9.481859e-12,0,0.9485658,1.570796,5.530221,0,0,1.663426e-15
0.33,-9.777541e-12,0,1.00883,1.570796,5.53029,0,0,1.715422e-15
0.34,-1.007317e-11,0,1.070953,1.570796,5.530359,0,0,1.767414e-15
0.35,-1.036874e-11,0,1.134935,1.570796,5.530427,0,0,1.819402e-15
0.36,-1.066427e-11,0,1.200777,1.570796,5.530496,0,0,1.871385e-15
0.37,-1.095973e-11,0,1.268479,1.570796,5.530565,0,0,1.923364e-15
0.38,-1.125515e-11,0,1.338041,1.570796,5.530633,0,0,1.975338e-15
0.39,-1.15505e-11,0,1.409463,1.570796,5.530702,0,0,2.027306e-15
0.4,-1.18458e-11,0,1.482747,1.570796,5.530771,0,0,2.079269e-15
0.41,-1.214105e-11,0,1.557891,1.570796,5.530839,0,0,2.131225e-15
0.42,-1.243624e-11,0,1.634897,1.570796,5.530908,0,0,2.183175e-15
0.43,-1.273136e-11,0,1.713764,1.570796,5.530976,0,0,2.235118e-15
0.44,-1.302644e-11,0,1.794493,1.570796,5.531045,0,0,2.287055e-15
0.45,-1.332145e-11,0,1.877085,1.570796,5.531113,0,0,2.338983e-15
0.46,-1.36164e-11,0,1.961539,1.570796,5.531182,0,0,2.390905e-15
0.47,-1.391129e-11,0,2.047855,1.570796,5.53125,0,0,2.442818e-15
0.48,-1.420613e-11,0,2.136035,1.570796,5.531319,0,0,2.494723e-15
0.49,-1.45009e-11,0,2.226078,1.570796,5.531387,0,0,2.54662e-15
0.5,-1.479561e-11,0,2.317985,1.570796,5.531456,0,0,-3.327128e-07
0.51,-9.836365e-08,0,2.411755,1.570783,5.531524,0,0,-9.29175e-05
0.52,-4.151679e-07,0,2.50739,1.570738,5.531592,0,0,-9.678686e-05
0.53,-8.345133e-07,0,2.604889,1.57066,5.531661,0,0,-0.0001007712
0.54,-1.146263e-06,0,2.704252,1.57055,5.531729,0,0,-0.000104865
0.55,-1.048781e-06,0,2.805481,1.570408,5.531797,0,0,-0.0001090637
0.56,-1.497389e-07,0,2.908575,1.570234,5.531866,0,0,-0.000113363
0.57,2.033091e-06,0,3.013535,1.570029,5.531934,0,0,-0.0001177586
0.58,6.071048e-06,0,3.12036,1.569793,5.532002,0,0,-0.000122246
0.59,1.26238e-05,0,3.229052,1.569527,5.532071,0,0,-0.0001268209
0.6,2.243857e-05,0,3.33961,1.569229,5.532139,0,0,-0.0001314791
0.61,3.634937e-05,0,3.452035,1.568902,5.532207,0,0,-0.000136216
0.62,5.527626e-05,0,3.566326,1.568545,5.532276,0,0,-0.0001410272
0.63,8.022454e-05,0,3.682485,1.568158,5.532344,0,0,-0.0001459086
0.64,0.0001122841,0,3.800512,1.567742,5.532412,0,0,-0.0001508555
0.65,0.0001526286,0,3.920406,1.567297,5.53248,0,0,-0.0001558636
0.66,0.0002025147,0,4.042168,1.566823,5.532548,0,0,-0.0001609287
0.67,0.0002632815,0,4.165799,1.56632,5.532617,0,0,-0.0001660462
0.68,0.0003363498,0,4.291298,1.565789,5.532685,0,0,-0.0001712117
0.69,0.000423221,0,4.418666,1.56523,5.532753,0,0,-0.000176421
0.7,0.0005254771,0,4.547903,1.564644,5.532821,0,0,-0.0001816696
0.71,0.0006447793,0,4.679009,1.56403,5.532889,0,0,-0.000186953
0.72,0.0007828678,0,4.811986,1.563388,5.532957,0,0,-0.0001922671
0.73,0.000941561,0,4.946832,1.56272,5.533025,0,0,-0.0001976074
0.74,0.001122754,0,5.083549,1.562025,5.533093,0,0,-0.0002029693
0.75,0.001328421,0,5.222136,1.561304,5.533161,0,0,-0.0002083487
0.76,0.001560609,0,5.362594,1.560556,5.533229,0,0,-0.0002137412
0.77,0.001821442,0,5.504922,1.559782,5.533298,0,0,-0.0002191422
0.78,0.00211312,0,5.649123,1.558983,5.533365,0,0,-0.0002245477
0.79,0.002437916,0,5.795194,1.558158,5.533433,0,0,-0.0002299531
0.8,0.002798176,0,5.943138,1.557307,5.533501,0,0,-0.0002353538
0.81,0.00319632,0,6.092953,1.556432,5.533569,0,0,-0.0002407461
0.82,0.003634839,0,6.24464,1.555532,5.533637,0,0,-0.000246125
0.83,0.004116298,0,6.398201,1.554607,5.533705,0,0,-0.0002514864
0.84,0.004643329,0,6.553634,1.553658,5.533773,0,0,-0.0002568262
0.85,0.005218638,0,6.710939,1.552685,5.533841,0,0,-0.0002621397
0.86,0.005845001,0,6.870119,1.551687,5.533909,0,0,-0.0002674226
0.87,0.006525259,0,7.031171,1.550667,5.533977,0,0,-0.000272671
0.88,0.007262325,0,7.194097,1.549622,5.534044,0,0,-0.00027788
0.89,0.008059181,0,7.358897,1.548555,5.534112,0,0,-0.0002830455
0.9,0.008918873,0,7.525571,1.547464,5.53418,0,0,-0.0002881637
0.91,0.009844516,0,7.69412,1.546351,5.534248,0,0,-0.0002932295
0.92,0.01083929,0,7.864543,1.545215,5.534316,0,0,-0.0002982388
0.93,0.01190645,0,8.03684,1.544056,5.534383,0,0,-0.0003031879
0.94,0.01304929,0,8.211014,1.542876,5.534451,0,0,-0.000308072
0.95,0.0142712,0,8.387061,1.541673,5.534519,0,0,-0.0003128867
0.96,0.01557561,0,8.564984,1.540449,5.534586,0,0,-0.0003176283
0.97,0.01696604,0,8.744782,1.539203,5.534654,0,0,-0.0003222922
0.98,0.01844604,0,8.926456,1.537935,5.534722,0,0,-0.0003268739
0.99,0.02001925,0,9.110007,1.536647,5.53479,0,0,-0.00033137
1,0.02168935,0,9.295433,1.535337,5.534857,0,0,-0.0003357755
1.01,0.0234601,0,9.482735,1.534007,5.534925,0,0,-0.000340086
1.02,0.02533531,0,9.671913,1.532656,5.534992,0,0,-0.0003442984
1.03,0.02731885,0,9.862968,1.531284,5.53506,0,0,-0.0003484077
1.04,0.02941466,0,10.0559,1.529893,5.535128,0,0,-0.0003524096
1.05,0.03162672,0,10.25071,1.528481,5.535195,0,0,-0.0003563004
1.06,0.03395909,0,10.44739,1.52705,5.535263,0,0,-0.0003600757
1.07,0.03641587,0,10.64595,1.525599,5.53533,0,0,-0.0003637312
1.08,0.03900125,0,10.84639,1.524128,5.535398,0,0,-0.0003672632
1.09,0.04171941,0,11.04871,1.522638,5.535465,0,0,-0.0003706673
1.1,0.04457467,0,11.2529,1.521129,5.535532,0,0,-0.000373939
1.11,0.04757135,0,11.45897,1.519601,5.5356,0,0,-0.0003770752
1.12,0.05071384,0,11.66692,1.518054,5.535667,0,0,-0.0003800708
1.13,0.0540066,0,11.87674,1.516489,5.535735,0,0,-0.000382922
1.14,0.05745411,0,12.08845,1.514905,5.535802,0,0,-0.0003856252
1.15,0.06106094,0,12.30203,1.513303,5.53587,0,0,-0.0003881757
1.16,0.0648317,0,12.51748,1.511683,5.535937,0,0,-0.0003905697
1.17,0.06877104,0,12.73482,1.510045,5.536005,0,0,-0.0003928035
1.18,0.0728837,0,12.95403,1.508389,5.536072,0,0,-0.0003948725
1.19,0.07717443,0,13.17512,1.506716,5.536139,0,0,-0.0003967727
1.2,0.08164805,0,13.39809,1.505025,5.536206,0,0,-0.0003985009
1.21,0.08630944,0,13.62294,1.503317,5.536274,0,0,-0.0004000526
1.22,0.09116352,0,13.84966,1.501591,5.536341,0,0,-0.0004014233
1.23,0.09621526,0,14.07826,1.499849,5.536408,0,0,-0.0004026101
1.24,0.1014697,0,14.30874,1.49809,5.536476,0,0,-0.0004036082
1.25,0.1069319,0,14.54109,1.496315,5.536543,0,0,-0.0004044137
1.26,0.1126069,0,14.77532,1.494523,5.53661,0,0,-0.0004050235
1.27,0.1185,0,15.01143,1.492714,5.536677,0,0,-0.0004054329
1.28,0.1246164,0,15.24942,1.49089,5.536745,0,0,-0.000405638
1.29,0.1309613,0,15.48928,1.489049,5.536812,0,0,-0.0004056358
1.3,0.1375401,0,15.73102,1.487193,5.536879,0,0,-0.0004054213
1.31,0.1443581,0,15.97464,1.485321,5.536946,0,0,-0.0004049911
1.32,0.1514207,0,16.22013,1.483433,5.537013,0,0,-0.000404342
1.33,0.1587334,0,16.4675,1.48153,5.53708,0,0,-0.0004034694
1.34,0.1663017,0,16.71675,1.479611,5.537147,0,0,-0.0004023691
1.35,0.174131,0,16.96787,1.477678,5.537214,0,0,-0.0004010389
1.36,0.1822271,0,17.22087,1.475729,5.537282,0,0,-0.0003994736
1.37,0.1905956,0,17.47575,1.473765,5.537348,0,0,-0.0003976694
1.38,0.1992421,0,17.73249,1.471787,5.537416,0,0,-0.0003956239
1.39,0.2081723,0,17.99112,1.469794,5.537482,0,0,-0.000393332
1.4,0.2173921,0,18.25162,1.467787,5.537549,0,0,-0.0003907904
1.41,0.2269072,0,18.51399,1.465765,5.537616,0,0,-0.0003879959
1.42,0.2367235,0,18.77824,1.463729,5.537683,0,0,-0.0003849443
1.43,0.2468468,0,19.04436,1.461679,5.53775,0,0,-0.0003816314
1.44,0.2572832,0,19.31236,1.459615,5.537817,0,0,-0.0003780552
1.45,0.2680386,0,19.58223,1.457538,5.537884,0,0,-0.0003742104
1.46,0.279119,0,19.85397,1.455446,5.537951,0,0,-0.0003700937
1.47,0.2905305,0,20.12759,1.453341,5.538018,0,0,-0.0003657027
1.48,0.3022791,0,20.40307,1.451223,5.538085,0,0,-0.0003610323
1.49,0.3143711,0,20.68043,1.449091,5.538152,0,0,-0.0003560792
1.5,0.3268126,0,20.95966,1.446946,5.538218,0,0,-0.0003508408
1.51,0.3396098,0,21.24076,1.444788,5.538285,0,0,-0.0003453126
1.52,0.3527689,0,21.52374,1.442618,5.538352,0,0,-0.000339491
1.53,0.3662964,0,21.80858,1.440434,5.538419,0,0,-0.0003333736
1.54,0.3801984,0,22.09529,1.438238,5.538486,0,0,-0.0003269557
1.55,0.3944815,0,22.38387,1.436029,5.538552,0,0,-0.000320234
1.56,0.4091519,0,22.67432,1.433807,5.538619,0,0,-0.0003132059
1.57,0.4242162,0,22.96664,1.431573,5.538686,0,0,-0.0003058671
1.58,0.4396808,0,23.26082,1.429327,5.538753,0,0,-0.000298214
1.59,0.4555523,0,23.55688,1.427069,5.538819,0,0,-0.0002902443
1.6,0.4718372,0,23.8548,1.424799,5.538886,0,0,-0.0002819535
1.61,0.4885421,0,24.15458,1.422517,5.538953,0,0,-0.0002733382
1.62,0.5056736,0,24.45623,1.420223,5.539019,0,0,-0.0002643956
1.63,0.5232384,0,24.75974,1.417918,5.539086,0,0,-0.0002551225
1.64,0.5412431,0,25.06512,1.415601,5.539153,0,0,-0.0002455146
1.65,0.5596947,0,25.37236,1.413272,5.539219,0,0,-0.00023557
1.66,0.5785997,0,25.68147,1.410932,5.539286,0,0,-0.0002252837
1.67,0.597965,0,25.99243,1.408581,5.539352,0,0,-0.0002146533
1.68,0.6177974,0,26.30526,1.406219,5.539419,0,0,-0.0002036757
1.69,0.6381038,0,26.61994,1.403845,5.539485,0,0,-0.0001923477
1.7,0.6588912,0,26.93649,1.401461,5.539552,0,0,-0.0001806646
1.71,0.6801664,0,27.25489,1.399066,5.539618,0,0,-0.0001686259
1.72,0.7019363,0,27.57515,1.39666,5.539685,0,0,-0.0001562259
1.73,0.7242081,0,27.89727,1.394244,5.539752,0,0,-0.0001434622
1.74,0.7469886,0,28.22125,1.391817,5.539818,0,0,-0.0001303321
1.75,0.7702851,0,28.54708,1.389379,5.539884,0,0,-0.0001168316
1.76,0.7941045,0,28.87476,1.386931,5.53995,0,0,-0.0001029577
1.77,0.818454,0,29.2043,1.384473,5.540017,0,0,-8.870887e-05
1.78,0.8433407,0,29.53569,1.382005,5.540083,0,0,-7.407931e-05
1.79,0.8687719,0,29.86893,1.379526,5.54015,0,0,-5.906797e-05
1.8,0.8947546,0,30.20403,1.377038,5.540216,0,0,-4.367076e-05
1.81,0.9212964,0,30.54097,1.37454,5.540282,0,0,-2.788449e-05
1.82,0.9484041,0,30.87976,1.372032,5.540349,0,0,-1.170735e-05
1.83,0.9760854,0,31.2204,1.369514,5.540415,0,0,4.864964e-06
1.84,1.004347,0,31.56288,1.366987,5.540481,0,0,2.18355e-05
1.85,1.033198,0,31.90721,1.36445,5.540547,0,0,3.920597e-05
1.86,1.062643,0,32.25339,1.361904,5.540614,0,0,5.698068e-05
1.87,1.092692,0,32.6014,1.359349,5.54068,0,0,7.516259e-05
1.88,1.123351,0,32.95126,1.356784,5.540746,0,0,9.375341e-05
1.89,1.154628,0,33.30296,1.35421,5.540812,0,0,0.0001127573
1.9,1.18653,0,33.6565,1.351627,5.540879,0,0,0.0001321772
1.91,1.219065,0,34.01188,1.349035,5.540945,0,0,0.0001520149
1.92,1.25224,0,34.36909,1.346434,5.541011,0,0,0.0001722751
1.93,1.286063,0,34.72814,1.343824,5.541077,0,0,0.0001929596
1.94,1.320542,0,35.08903,1.341205,5.541143,0,0,0.0002140702
1.95,1.355684,0,35.45174,1.338578,5.541209,0,0,0.0002356121
1.96,1.391497,0,35.81629,1.335942,5.541276,0,0,0.0002575869
1.97,1.427988,0,36.18267,1.333298,5.541341,0,0,0.0002799969
1.98,1.465166,0,36.55088,1.330645,5.541408,0,0,0.0003028456
1.99,1.503037,0,36.92092,1.327984,5.541473,0,0,0.0003261365
2,1.54161,0,37.29278,1.325315,5.54154,0,0,0.0003504706
2.01,1.580893,0,37.66647,1.32265,5.541605,0,0,0.0004778682
2.02,1.620893,0,38.04197,1.32001,5.541672,0,0,0.0005196068
2.03,1.661618,0,38.4193,1.317394,5.541738,0,0,0.0005613705
2.04,1.703076,0,38.79846,1.314802,5.541804,0,0,0.0006031545
2.05,1.745275,0,39.17943,1.312235,5.54187,0,0,0.0006449558
2.06,1.788221,0,39.56221,1.309691,5.541935,0,0,0.0006867688
2.07,1.831923,0,39.94682,1.30717,5.542001,0,0,0.0007285913
2.08,1.876388,0,40.33323,1.304674,5.542068,0,0,0.0007704194
2.09,1.921623,0,40.72146,1.3022,5.542133,0,0,0.0008122485
2.1,1.967635,0,41.1115,1.299749,5.542199,0,0,0.000854076
2.11,2.014432,0,41.50335,1.297321,5.542265,0,0,0.0008958984
2.12,2.062021,0,41.89701,1.294915,5.542331,0,0,0.0009377109
2.13,2.110408,0,42.29247,1.292531,5.542397,0,0,0.0009795113
2.14,2.159601,0,42.68974,1.29017,5.542462,0,0,0.001021296
2.15,2.209607,0,43.08882,1.287831,5.542528,0,0,0.001063061
2.16,2.260433,0,43.48969,1.285513,5.542594,0,0,0.001104803
2.17,2.312084,0,43.89237,1.283216,5.54266,0,0,0.00114652
2.18,2.364569,0,44.29684,1.280941,5.542725,0,0,0.001188207
2.19,2.417894,0,44.70311,1.278687,5.542791,0,0,0.001229861
2.2,2.472065,0,45.11118,1.276454,5.542857,0,0,0.001271481
2.21,2.527089,0,45.52105,1.274242,5.542922,0,0,0.00131306
2.22,2.582972,0,45.9327,1.27205,5.542988,0,0,0.001354598
2.23,2.639722,0,46.34615,1.269878,5.543054,0,0,0.001396092
2.24,2.697343,0,46.76139,1.267726,5.543119,0,0,0.001437536
2.25,2.755843,0,47.17842,1.265595,5.543185,0,0,0.00147893
2.26,2.815228,0,47.59723,1.263483,5.543251,0,0,0.00152027
2.27,2.875504,0,48.01783,1.26139,5.543316,0,0,0.001561552
2.28,2.936678,0,48.44022,1.259318,5.543382,0,0,0.001602775
2.29,2.998755,0,48.86439,1.257264,5.543447,0,0,0.001643935
2.3,3.061741,0,49.29034,1.255229,5.543513,0,0,0.001685029
2.31,3.125642,0,49.71807,1.253213,5.543578,0,0,0.001726056
2.32,3.190465,0,50.14758,1.251216,5.543643,0,0,0.001767011
2.33,3.256215,0,50.57886,1.249237,5.543709,0,0,0.001807902
2.34,3.322897,0,51.01192,1.247277,5.543775,0,0,0.001848807
2.35,3.390519,0,51.44676,1.245334,5.54384,0,0,0.00188963
2.36,3.459085,0,51.88337,1.24341,5.543905,0,0,0.001930369
2.37,3.528601,0,52.32175,1.241504,5.543971,0,0,0.001971025
2.38,3.599073,0,52.7619,1.239615,5.544036,0,0,0.002011593
2.39,3.670506,0,53.20382,1.237743,5.544102,0,0,0.00205207
2.4,3.742906,0,53.64751,1.23589,5.544167,0,0,0.002092456
2.41,3.816278,0,54.09296,1.234053,5.544232,0,0,0.002132746
2.42,3.890627,0,54.54017,1.232233,5.544298,0,0,0.002172938
2.43,3.965959,0,54.98915,1.23043,5.544363,0,0,0.002213031
2.44,4.042279,0,55.43989,1.228644,5.544428,0,0,0.002253021
2.45,4.119592,0,55.89239,1.226874,5.544494,0,0,0.002292906
2.46,4.197904,0,56.34665,1.225121,5.544559,0,0,0.002332683
2.47,4.277219,0,56.80266,1.223384,5.544624,0,0,0.002372352
2.48,4.357543,0,57.26043,1.221663,5.544689,0,0,0.002411908
2.49,4.438881,0,57.71995,1.219958,5.544755,0,0,0.00245135
2.5,4.521238,0,58.18122,1.218268,5.54482,0,0,0.002490676
2.51,4.604619,0,58.64425,1.216595,5.544885,0,0,0.002529882
2.52,4.689028,0,59.10902,1.214937,5.54495,0,0,0.002568968
2.53,4.77447,0,59.57555,1.213294,5.545015,0,0,0.002607931
2.54,4.860951,0,60.04382,1.211666,5.54508,0,0,0.002646768
2.55,4.948475,0,60.51383,1.210054,5.545146,0,0,0.002685479
2.56,5.037047,0,60.98559,1.208457,5.54521,0,0,0.00272406
2.57,5.126671,0,61.45909,1.206874,5.545276,0,0,0.002762509
2.58,5.217352,0,61.93433,1.205306,5.545341,0,0,0.002800825
2.59,5.309095,0,62.41131,1.203752,5.545405,0,0,0.002839005
2.6,5.401904,0,62.89003,1.202213,5.545471,0,0,0.002877047
2.61,5.495784,0,63.37049,1.200688,5.545536,0,0,0.00291495
2.62,5.590739,0,63.85268,1.199177,5.5456,0,0,0.002952712
2.63,5.686773,0,64.33661,1.19768,5.545666,0,0,0.002990331
2.64,5.783892,0,64.82227,1.196198,5.545731,0,0,0.003027803
2.65,5.882099,0,65.30966,1.194728,5.545795,0,0,0.00306513
2.66,5.981399,0,65.79878,1.193273,5.54586,0,0,0.003102307
2.67,6.081796,0,66.28963,1.191831,5.545925,0,0,0.003139333
2.68,6.183293,0,66.78221,1.190402,5.54599,0,0,0.003176206
2.69,6.285897,0,67.27652,1.188986,5.546055,0,0,0.003212926
2.7,6.389609,0,67.77254,1.187584,5.54612,0,0,0.003249489
2.71,6.494436,0,68.2703,1.186195,5.546185,0,0,0.003285894
2.72,6.60038,0,68.76978,1.184818,5.546249,0,0,0.00332214
2.73,6.707446,0,69.27097,1.183454,5.546314,0,0,0.003358225
2.74,6.815637,0,69.77389,1.182103,5.546379,0,0,0.003394147
2.75,6.924958,0,70.27853,1.180765,5.546444,0,0,0.003429904
2.76,7.035413,0,70.78488,1.179438,5.546509,0,0,0.003465495
2.77,7.147006,0,71.29295,1.178124,5.546574,0,0,0.003500918
2.78,7.259739,0,71.80273,1.176823,5.546638,0,0,0.003536172
2.79,7.373618,0,72.31423,1.175533,5.546703,0,0,0.003571255
2.8,7.488646,0,72.82744,1.174255,5.546768,0,0,0.003606166
2.81,7.604826,0,73.34236,1.172989,5.546832,0,0,0.003640903
2.82,7.722163,0,73.85899,1.171735,5.546897,0,0,0.003675464
2.83,7.84066,0,74.37733,1.170492,5.546961,0,0,0.003709849
2.84,7.96032,0,74.89738,1.169261,5.547026,0,0,0.003744055
2.85,8.081149,0,75.41914,1.168041,5.547091,0,0,0.003778081
2.86,8.203148,0,75.9426,1.166833,5.547155,0,0,0.003811926
2.87,8.326322,0,76.46776,1.165636,5.54722,0,0,0.003845588
2.88,8.450673,0,76.99462,1.16445,5.547285,0,0,0.003879067
2.89,8.576205,0,77.52319,1.163275,5.547349,0,0,0.00391236
2.9,8.702924,0,78.05346,1.16211,5.547413,0,0,0.003945466
2.91,8.83083,0,78.58543,1.160957,5.547478,0,0,0.003978384
2.92,8.959928,0,79.11909,1.159814,5.547543,0,0,0.004011113
2.93,9.09022,0,79.65446,1.158682,5.547607,0,0,0.00404365
2.94,9.221712,0,80.19152,1.15756,5.547671,0,0,0.004075997
2.95,9.354404,0,80.73027,1.156449,5.547736,0,0,0.004108149
2.96,9.488302,0,81.27072,1.155348,5.5478,0,0,0.004140107
2.97,9.623408,0,81.81286,1.154257,5.547864,0,0,0.00417187
2.98,9.759727,0,82.3567,1.153177,5.547929,0,0,0.004203435
2.99,9.897258,0,82.90221,1.152106,5.547993,0,0,0.004234802
3,10.03601,0,83.44943,1.151045,5.548058,0,0,0.004265971
3.01,10.17598,0,83.99833,1.149994,5.548122,0,0,0.004296938
3.02,10.31717,0,84.54892,1.148953,5.548186,0,0,0.004327704
3.03,10.45959,0,85.1012,1.147921,5.548251,0,0,0.004358267
3.04,10.60325,0,85.65515,1.146899,5.548315,0,0,0.004388626
3.05,10.74813,0,86.2108,1.145887,5.548379,0,0,0.004418781
3.06,10.89425,0,86.76813,1.144884,5.548443,0,0,0.004448728
3.07,11.04161,0,87.32713,1.14389,5.548508,0,0,0.004478469
3.08,11.19021,0,87.88783,1.142905,5.548572,0,0,0.004508002
3.09,11.34006,0,88.4502,1.14193,5.548636,0,0,0.004537325
3.1,11.49115,0,89.01424,1.140963,5.5487,0,0,0.004566438
3.11,11.64349,0,89.57997,1.140006,5.548765,0,0,0.004595339
3.12,11.79709,0,90.14738,1.139057,5.548829,0,0,0.004624029
3.13,11.95194,0,90.71645,1.138117,5.548893,0,0,0.004652504
3.14,12.10805,0,91.28721,1.137186,5.548957,0,0,0.004680765
3.15,12.26543,0,91.85964,1.136263,5.549021,0,0,0.004708812
3.16,12.42406,0,92.43375,1.135349,5.549085,0,0,0.004736642
3.17,12.58397,0,93.00952,1.134444,5.549149,0,0,0.004764254
3.18,12.74514,0,93.58697,1.133547,5.549213,0,0,0.004791649
3.19,12.90759,0,94.16608,1.132658,5.549277,0,0,0.004818825
3.2,13.07131,0,94.74687,1.131777,5.549341,0,0,0.00484578
3.21,13.23631,0,95.32932,1.130905,5.549405,0,0,0.004872515
3.22,13.40258,0,95.91344,1.13004,5.549469,0,0,0.004899028
3.23,13.57014,0,96.49924,1.129184,5.549533,0,0,0.004925318
3.24,13.73899,0,97.08669,1.128336,5.549597,0,0,0.004951385
3.25,13.90912,0,97.67581,1.127495,5.549661,0,0,0.004977229
3.26,14.08054,0,98.26659,1.126662,5.549725,0,0,0.005002846
3.27,14.25326,0,98.85904,1.125837,5.549789,0,0,0.005028238
3.28,14.42727,0,99.45315,1.12502,5.549853,0,0,0.005053403
3.29,14.60258,0,100.0489,1.12421,5.549916,0,0,0.00507834
3.3,14.77918,0,100.6464,1.123408,5.54998,0,0,0.00510305
3.31,14.95709,0,101.2454,1.122613,5.550044,0,0,0.005127531
3.32,15.1363,0,101.8462,1.121825,5.550108,0,0,0.005151781
3.33,15.31682,0,102.4486,1.121045,5.550172,0,0,0.005175801
3.34,15.49865,0,103.0527,1.120272,5.550235,0,0,0.00519959
3.35,15.68179,0,103.6584,1.119506,5.550299,0,0,0.005223147
3.36,15.86624,0,104.2658,1.118748,5.550363,0,0,0.005246471
3.37,16.05201,0,104.8748,1.117996,5.550426,0,0,0.005269562
3.38,16.2391,0,105.4855,1.117251,5.55049,0,0,0.005292419
3.39,16.4275,0,106.0978,1.116513,5.550554,0,0,0.005315041
3.4,16.61723,0,106.7118,1.115782,5.550618,0,0,0.005337427
3.41,16.80828,0,107.3274,1.115058,5.550682,0,0,0.005359577
3.42,17.00066,0,107.9447,1.114341,5.550745,0,0,0.005381491
3.43,17.19437,0,108.5637,1.11363,5.550808,0,0,0.005403168
3.44,17.38941,0,109.1843,1.112925,5.550872,0,0,0.005424606
3.45,17.58578,0,109.8065,1.112228,5.550936,0,0,0.005445806
3.46,17.78349,0,110.4304,1.111537,5.550999,0,0,0.005466766
3.47,17.98253,0,111.0559,1.110852,5.551063,0,0,0.005487487
3.48,18.18291,0,111.6831,1.110173,5.551126,0,0,0.005507967
3.49,18.38463,0,112.3119,1.109501,5.55119,0,0,0.005528207
3.5,18.5877,0,112.9424,1.108835,5.551253,0,0,0.005548204
3.51,18.7921,0,113.5745,1.108175,5.551317,0,0,0.00556796
3.52,18.99786,0,114.2083,1.107521,5.55138,0,0,0.005587473
3.53,19.20496,0,114.8437,1.106874,5.551444,0,0,0.005606743
3.54,19.41342,0,115.4807,1.106232,5.551507,0,0,0.005625769
3.55,19.62323,0,116.1194,1.105596,5.55157,0,0,0.005644551
3.56,19.83439,0,116.7597,1.104967,5.551634,0,0,0.005663088
3.57,20.0469,0,117.4017,1.104342,5.551697,0,0,0.00568138
3.58,20.26078,0,118.0453,1.103724,5.551761,0,0,0.005699427
3.59,20.47601,0,118.6905,1.103112,5.551824,0,0,0.005717227
3.6,20.69261,0,119.3374,1.102505,5.551888,0,0,0.00573478
3.61,20.91057,0,119.9859,1.101904,5.551951,0,0,0.005752087
3.62,21.12989,0,120.636,1.101308,5.552014,0,0,0.005769145
3.63,21.35058,0,121.2878,1.100718,5.552077,0,0,0.005785955
3.64,21.57264,0,121.9412,1.100134,5.552141,0,0,0.005802517
3.65,21.79607,0,122.5963,1.099555,5.552204,0,0,0.00581883
3.66,22.02087,0,123.253,1.098981,5.552267,0,0,0.005834894
3.67,22.24704,0,123.9113,1.098412,5.55233,0,0,0.005850708
3.68,22.47459,0,124.5713,1.097849,5.552393,0,0,0.005866271
3.69,22.70352,0,125.2328,1.097291,5.552456,0,0,0.005881585
3.7,22.93382,0,125.8961,1.096738,5.55252,0,0,0.005896647
3.71,23.16551,0,126.5609,1.096191,5.552583,0,0,0.005911458
3.72,23.39857,0,127.2274,1.095648,5.552646,0,0,0.005926016
3.73,23.63302,0,127.8955,1.09511,5.552709,0,0,0.005940324
3.74,23.86886,0,128.5652,1.094578,5.552772,0,0,0.005954378
3.75,24.10608,0,129.2366,1.09405,5.552835,0,0,0.00596818
3.76,24.34468,0,129.9096,1.093527,5.552898,0,0,0.005981729
3.77,24.58468,0,130.5842,1.09301,5.552961,0,0,0.005995024
3.78,24.82607,0,131.2604,1.092496,5.553024,0,0,0.006008065
3.79,25.06885,0,131.9383,1.091988,5.553087,0,0,0.006020852
3.8,25.31302,0,132.6178,1.091484,5.55315,0,0,0.006033385
3.81,25.55859,0,133.2989,1.090986,5.553213,0,0,0.006045663
3.82,25.80556,0,133.9817,1.090491,5.553276,0,0,0.006057686
3.83,26.05392,0,134.666,1.090001,5.553339,0,0,0.006069453
3.84,26.30369,0,135.352,1.089516,5.553402,0,0,0.006080966
3.85,26.55485,0,136.0396,1.089036,5.553465,0,0,0.006092221
3.86,26.80742,0,136.7289,1.088559,5.553528,0,0,0.006103222
3.87,27.06139,0,137.4197,1.088087,5.55359,0,0,0.006113965
3.88,27.31676,0,138.1122,1.08762,5.553653,0,0,0.006124452
3.89,27.57355,0,138.8063,1.087157,5.553716,0,0,0.006134682
3.9,27.83174,0,139.502,1.086698,5.553779,0,0,0.006144655
3.91,28.09134,0,140.1993,1.086244,5.553842,0,0,0.00615437
3.92,28.35234,0,140.8983,1.085793,5.553905,0,0,0.006163828
3.93,28.61477,0,141.5989,1.085347,5.553967,0,0,0.006173029
3.94,28.8786,0,142.3011,1.084905,5.55403,0,0,0.006181971
3.95,29.14385,0,143.0049,1.084467,5.554093,0,0,0.006190654
3.96,29.41051,0,143.7103,1.084033,5.554155,0,0,0.00619908
3.97,29.67859,0,144.4173,1.083603,5.554218,0,0,0.006207246
3.98,29.94809,0,145.126,1.083178,5.554281,0,0,0.006215153
3.99,30.21901,0,145.8363,1.082756,5.554343,0,0,0.006222802
4,30.49135,0,146.5481,1.082338,5.554406,0,0,0.006230192
4.01,30.76511,0,147.2616,1.081924,5.554469,0,0,0.006237322
4.02,31.04029,0,147.9768,1.081513,5.554531,0,0,0.006244193
4.03,31.31689,0,148.6935,1.081107,5.554594,0,0,0.006250804
4.04,31.59493,0,149.4118,1.080704,5.554657,0,0,0.006257155
4.05,31.87438,0,150.1318,1.080305,5.554719,0,0,0.006263246
4.06,32.15527,0,150.8533,1.07991,5.554781,0,0,0.006269078
4.07,32.43758,0,151.5765,1.079519,5.554844,0,0,0.006274648
4.08,32.72132,0,152.3013,1.079131,5.554906,0,0,0.006279959
4.09,33.0065,0,153.0277,1.078746,5.554969,0,0,0.006285009
4.1,33.29311,0,153.7557,1.078366,5.555031,0,0,0.006289799
4.11,33.58115,0,154.4854,1.077988,5.555094,0,0,0.006294328
4.12,33.87062,0,155.2166,1.077615,5.555156,0,0,0.006298596
4.13,34.16153,0,155.9494,1.077244,5.555219,0,0,0.006302604
4.14,34.45387,0,156.6839,1.076878,5.555281,0,0,0.006306349
4.15,34.74765,0,157.4199,1.076514,5.555343,0,0,0.006309835
4.16,35.04287,0,158.1576,1.076154,5.555406,0,0,0.006313059
4.17,35.33953,0,158.8969,1.075798,5.555468,0,0,0.006316022
4.18,35.63763,0,159.6378,1.075444,5.55553,0,0,0.006318724
4.19,35.93716,0,160.3802,1.075094,5.555593,0,0,0.006321164
4.2,36.23815,0,161.1243,1.074747,5.555655,0,0,0.006323343
4.21,36.54057,0,161.87,1.074404,5.555717,0,0,0.006325261
4.22,36.84444,0,162.6173,1.074063,5.555779,0,0,0.006326917
4.23,37.14975,0,163.3663,1.073726,5.555841,0,0,0.006328312
4.24,37.45652,0,164.1168,1.073392,5.555904,0,0,0.006329445
4.25,37.76472,0,164.8689,1.073061,5.555966,0,0,0.006330316
4.26,38.07438,0,165.6226,1.072733,5.556028,0,0,0.006330926
4.27,38.38548,0,166.3779,1.072408,5.55609,0,0,0.006331274
4.28,38.69803,0,167.1349,1.072086,5.556152,0,0,0.006331361
4.29,39.01204,0,167.8934,1.071767,5.556214,0,0,0.006331186
4.3,39.32749,0,168.6535,1.071451,5.556276,0,0,0.006330749
4.31,39.6444,0,169.4153,1.071138,5.556339,0,0,0.006330052
4.32,39.96276,0,170.1786,1.070828,5.556401,0,0,0.006329092
4.33,40.28257,0,170.9436,1.070521,5.556463,0,0,0.00632787
4.34,40.60384,0,171.7101,1.070217,5.556525,0,0,0.006326387
4.35,40.92657,0,172.4783,1.069915,5.556587,0,0,0.006324643
4.36,41.25075,0,173.248,1.069617,5.556649,0,0,0.006322637
4.37,41.57639,0,174.0194,1.069321,5.556711,0,0,0.006320369
4.38,41.90348,0,174.7923,1.069028,5.556773,0,0,0.006318592
4.39,42.23204,0,175.5669,1.068737,5.556835,0,0,0.00631674
4.4,42.56205,0,176.343,1.068449,5.556897,0,0,0.006314614
4.41,42.89353,0,177.1208,1.068164,5.556958,0,0,0.006312212
4.42,43.22647,0,177.9001,1.067882,5.55702,0,0,0.006309538
4.43,43.56087,0,178.6811,1.067602,5.557082,0,0,0.006306589
4.44,43.89673,0,179.4636,1.067325,5.557144,0,0,0.006303366
4.45,44.23405,0,180.2477,1.06705,5.557206,0,0,0.006299869
4.46,44.57285,0,181.0335,1.066778,5.557268,0,0,0.006296098
4.47,44.9131,0,181.8208,1.066509,5.55733,0,0,0.006292054
4.48,45.25483,0,182.6098,1.066242,5.557391,0,0,0.006287736
4.49,45.59801,0,183.4003,1.065977,5.557453,0,0,0.006283145
4.5,45.94267,0,184.1924,1.065715,5.557515,0,0,0.00627828
4.51,46.28879,0,184.9862,1.065455,5.557577,0,0,0.006273143
4.52,46.63639,0,185.7815,1.065198,5.557638,0,0,0.006267732
4.53,46.98545,0,186.5784,1.064943,5.5577,0,0,0.006262049
4.54,47.33598,0,187.3769,1.064691,5.557762,0,0,0.006256093
4.55,47.68798,0,188.177,1.064441,5.557823,0,0,0.006249864
4.56,48.04146,0,188.9787,1.064193,5.557885,0,0,0.006243363
4.57,48.39641,0,189.782,1.063948,5.557946,0,0,0.00623659
4.58,48.75283,0,190.5869,1.063705,5.558008,0,0,0.006229546
4.59,49.11072,0,191.3934,1.063464,5.55807,0,0,0.006222229
4.6,49.47009,0,192.2015,1.063225,5.558131,0,0,0.006214641
4.61,49.83093,0,193.0112,1.062989,5.558193,0,0,0.006206781
4.62,50.19325,0,193.8225,1.062754,5.558254,0,0,0.00619865
4.63,50.55704,0,194.6354,1.062522,5.558316,0,0,0.006190248
4.64,50.92232,0,195.4498,1.062292,5.558377,0,0,0.006181575
4.65,51.28907,0,196.2659,1.062065,5.558439,0,0,0.006172631
4.66,51.65729,0,197.0835,1.061839,5.5585,0,0,0.006163417
4.67,52.027,0,197.9028,1.061615,5.558561,0,0,0.006153933
4.68,52.39818,0,198.7236,1.061394,5.558623,0,0,0.006144179
4.69,52.77084,0,199.5461,1.061175,5.558684,0,0,0.006134156
4.7,53.14499,0,200.3701,1.060957,5.558746,0,0,0.006123862
4.71,53.52061,0,201.1957,1.060742,5.558807,0,0,0.006113299
4.72,53.89772,0,202.0229,1.060529,5.558868,0,0,0.006102467
4.73,54.27631,0,202.8517,1.060318,5.55893,0,0,0.006091367
4.74,54.65638,0,203.6821,1.060108,5.558991,0,0,0.006079997
4.75,55.03794,0,204.5141,1.059901,5.559052,0,0,0.00606836
4.76,55.42097,0,205.3477,1.059695,5.559114,0,0,0.006056454
4.77,55.8055,0,206.1828,1.059492,5.559175,0,0,0.00604428
4.78,56.1915,0,207.0196,1.05929,5.559236,0,0,0.006031839
4.79,56.57899,0,207.858,1.05909,5.559298,0,0,0.006019131
4.8,56.96797,0,208.6979,1.058893,5.559359,0,0,0.006006156
4.81,57.35843,0,209.5394,1.058697,5.55942,0,0,0.005992913
4.82,57.75039,0,210.3826,1.058502,5.559481,0,0,0.005979404
4.83,58.14382,0,211.2273,1.05831,5.559542,0,0,0.005965629
4.84,58.53875,0,212.0736,1.058119,5.559603,0,0,0.005951589
4.85,58.93516,0,212.9215,1.057931,5.559664,0,0,0.005937282
4.86,59.33306,0,213.771,1.057744,5.559725,0,0,0.00592271
4.87,59.73245,0,214.6221,1.057558,5.559786,0,0,0.005907873
4.88,60.13333,0,215.4747,1.057375,5.559847,0,0,0.005892771
4.89,60.5357,0,216.329,1.057193,5.559909,0,0,0.005877405
4.9,60.93956,0,217.1848,1.057013,5.559969,0,0,0.005861774
4.91,61.34491,0,218.0423,1.056834,5.56003,0,0,0.00584588
4.92,61.75175,0,218.9013,1.056657,5.560091,0,0,0.005829722
4.93,62.16009,0,219.7619,1.056482,5.560153,0,0,0.005813301
4.94,62.56992,0,220.6241,1.056309,5.560214,0,0,0.005796616
4.95,62.98124,0,221.4879,1.056137,5.560275,0,0,0.00577967
4.96,63.39405,0,222.3533,1.055967,5.560336,0,0,0.005762461
4.97,63.80835,0,223.2203,1.055798,5.560396,0,0,0.00574499
4.98,64.22415,0,224.0888,1.055631,5.560457,0,0,0.005727257
4.99,64.64144,0,224.959,1.055465,5.560518,0,0,0.005709264
5,65.06023,0,225.8307,1.055301,5.560579,0,0,0.005691009
5.01,65.48051,0,226.7041,1.055139,5.56064,0,0,0.005672493
5.02,65.90228,0,227.579,1.054978,5.5607,0,0,0.005653718
5.03,66.32556,0,228.4555,1.054819,5.560761,0,0,0.005634682
5.04,66.75033,0,229.3336,1.054661,5.560822,0,0,0.005615387
5.05,67.17659,0,230.2133,1.054504,5.560883,0,0,0.005595833
5.06,67.60435,0,231.0945,1.054349,5.560944,0,0,0.005576019
5.07,68.03361,0,231.9774,1.054196,5.561004,0,0,0.005555947
5.08,68.46436,0,232.8618,1.054044,5.561065,0,0,0.005535617
5.09,68.89662,0,233.7478,1.053893,5.561126,0,0,0.005515029
5.1,69.33037,0,234.6355,1.053744,5.561186,0,0,0.005494184
5.11,69.76562,0,235.5247,1.053596,5.561247,0,0,0.005473082
5.12,70.20237,0,236.4155,1.053449,5.561307,0,0,0.005451723
5.13,70.64062,0,237.3079,1.053304,5.561368,0,0,0.005430107
5.14,71.08036,0,238.2018,1.053161,5.561429,0,0,0.005408236
5.15,71.52161,0,239.0974,1.053018,5.56149,0,0,0.00538611
5.16,71.96435,0,239.9945,1.052877,5.56155,0,0,0.005363728
5.17,72.4086,0,240.8932,1.052737,5.56161,0,0,0.005341091
5.18,72.85434,0,241.7936,1.052599,5.561671,0,0,0.0053182
5.19,73.30159,0,242.6955,1.052462,5.561731,0,0,0.005295055
5.2,73.75034,0,243.599,1.052326,5.561792,0,0,0.005271657
5.21,74.20058,0,244.504,1.052192,5.561852,0,0,0.005248005
5.22,74.65234,0,245.4107,1.052058,5.561913,0,0,0.0052241
5.23,75.10559,0,246.319,1.051926,5.561973,0,0,0.005199943
5.24,75.56034,0,247.2288,1.051796,5.562034,0,0,0.005175534
5.25,76.01659,0,248.1402,1.051666,5.562094,0,0,0.005150874
5.26,76.47436,0,249.0532,1.051538,5.562154,0,0,0.005125962
5.27,76.93362,0,249.9678,1.051411,5.562215,0,0,0.005100799
5.28,77.39438,0,250.884,1.051285,5.562275,0,0,0.005075386
5.29,77.85665,0,251.8018,1.05116,5.562335,0,0,0.005049724
5.3,78.32042,0,252.7211,1.051036,5.562396,0,0,0.005023811
5.31,78.7857,0,253.6421,1.050914,5.562456,0,0,0.00499765
5.32,79.25247,0,254.5646,1.050793,5.562516,0,0,0.00497124
5.33,79.72076,0,255.4887,1.050673,5.562576,0,0,0.004944582
5.34,80.19054,0,256.4144,1.050554,5.562637,0,0,0.004917676
5.35,80.66183,0,257.3417,1.050436,5.562697,0,0,0.004890522
5.36,81.13463,0,258.2706,1.050319,5.562757,0,0,0.004863122
5.37,81.60893,0,259.201,1.050203,5.562817,0,0,0.004835475
5.38,82.08474,0,260.1331,1.050089,5.562878,0,0,0.004807582
5.39,82.56205,0,261.0667,1.049975,5.562938,0,0,0.004779444
5.4,83.04086,0,262.0019,1.049863,5.562998,0,0,0.00475106
5.41,83.52119,0,262.9387,1.049752,5.563058,0,0,0.004722431
5.42,84.00301,0,263.8771,1.049641,5.563118,0,0,0.004693558
5.43,84.48635,0,264.8171,1.049532,5.563178,0,0,0.004664442
5.44,84.97119,0,265.7586,1.049424,5.563238,0,0,0.004635082
5.45,85.45753,0,266.7018,1.049317,5.563298,0,0,0.004605479
5.46,85.94539,0,267.6465,1.049211,5.563358,0,0,0.004575633
5.47,86.43475,0,268.5928,1.049105,5.563418,0,0,0.004545546
5.48,86.92562,0,269.5407,1.049001,5.563478,0,0,0.004515217
5.49,87.41799,0,270.4902,1.048898,5.563538,0,0,0.004484647
5.5,87.91187,0,271.4413,1.048796,5.563598,0,0,0.004453836
5.51,88.40726,0,272.394,1.048695,5.563658,0,0,0.004422786
5.52,88.90415,0,273.3482,1.048594,5.563718,0,0,0.004391495
5.53,89.40256,0,274.304,1.048495,5.563777,0,0,0.004359966
5.54,89.90247,0,275.2614,1.048397,5.563838,0,0,0.004328197
5.55,90.40388,0,276.2205,1.048299,5.563897,0,0,0.00429619
5.56,90.90681,0,277.181,1.048203,5.563957,0,0,0.004263945
5.57,91.41125,0,278.1432,1.048107,5.564017,0,0,0.004231464
5.58,91.91718,0,279.107,1.048012,5.564076,0,0,0.004198745
5.59,92.42464,0,280.0723,1.047919,5.564137,0,0,0.00416579
5.6,92.93359,0,281.0392,1.047826,5.564196,0,0,0.004132599
5.61,93.44406,0,282.0078,1.047734,5.564256,0,0,0.004099172
5.62,93.95603,0,282.9779,1.047642,5.564315,0,0,0.004065511
5.63,94.46952,0,283.9496,1.047552,5.564375,0,0,0.004031615
5.64,94.98451,0,284.9228,1.047463,5.564435,0,0,0.003997485
5.65,95.50101,0,285.8977,1.047374,5.564495,0,0,0.003963122
5.66,96.01902,0,286.8741,1.047287,5.564554,0,0,0.003928526
5.67,96.53854,0,287.8521,1.0472,5.564614,0,0,0.003893697
5.68,97.05956,0,288.8318,1.047114,5.564673,0,0,0.003858637
5.69,97.5821,0,289.813,1.047028,5.564733,0,0,0.003823345
5.7,98.10615,0,290.7957,1.046944,5.564793,0,0,0.003787822
5.71,98.6317,0,291.7801,1.04686,5.564852,0,0,0.003752068
5.72,99.15876,0,292.7661,1.046777,5.564912,0,0,0.003716085
5.73,99.68734,0,293.7536,1.046695,5.564971,0,0,0.003679872
5.74,100.2174,0,294.7427,1.046614,5.565031,0,0,0.00364343
5.75,100.749,0,295.7335,1.046534,5.56509,0,0,0.003606759
5.76,101.2821,0,296.7258,1.046454,5.565149,0,0,0.003569861
5.77,101.8167,0,297.7196,1.046375,5.565209,0,0,0.003532736
5.78,102.3528,0,298.7151,1.046297,5.565269,0,0,0.003495383
5.79,102.8905,0,299.7122,1.046219,5.565328,0,0,0.003457804
5.8,103.4296,0,300.7108,1.046142,5.565387,0,0,0.003419999
5.81,103.9703,0,301.7111,1.046067,5.565446,0,0,0.003381968
5.82,104.5124,0,302.7129,1.045991,5.565506,0,0,0.003343713
5.83,105.0561,0,303.7162,1.045917,5.565565,0,0,0.003305234
5.84,105.6013,0,304.7213,1.045843,5.565624,0,0,0.00326653
5.85,106.1479,0,305.7278,1.04577,5.565684,0,0,0.003227604
5.86,106.6961,0,306.736,1.045697,5.565743,0,0,0.003188455
5.87,107.2458,0,307.7457,1.045626,5.565802,0,0,0.003149083
5.88,107.7971,0,308.757,1.045555,5.565862,0,0,0.00310949
5.89,108.3498,0,309.77,1.045484,5.565921,0,0,0.003069675
5.9,108.904,0,310.7845,1.045415,5.56598,0,0,0.003029639
5.91,109.4598,0,311.8006,1.045346,5.566039,0,0,0.002989384
5.92,110.017,0,312.8182,1.045277,5.566098,0,0,0.002948909
5.93,110.5758,0,313.8375,1.04521,5.566157,0,0,0.002908214
5.94,111.136,0,314.8584,1.045143,5.566216,0,0,0.002867302
5.95,111.6978,0,315.8808,1.045076,5.566276,0,0,0.002826171
5.96,112.2611,0,316.9048,1.045011,5.566335,0,0,0.002784823
5.97,112.8259,0,317.9304,1.044946,5.566394,0,0,0.002743258
5.98,113.3922,0,318.9576,1.044881,5.566453,0,0,0.002701476
5.99,113.9601,0,319.9864,1.044817,5.566512,0,0,0.002659478
6,114.5294,0,321.0168,1.044754,5.566571,0,0,0.002617266
6.01,115.1002,0,322.0487,1.044691,5.56663,0,0,0.002574838
6.02,115.6726,0,323.0823,1.044629,5.566689,0,0,0.002532196
6.03,116.2464,0,324.1174,1.044568,5.566748,0,0,0.00248934
6.04,116.8218,0,325.1541,1.044507,5.566807,0,0,0.002446271
6.05,117.3987,0,326.1924,1.044447,5.566865,0,0,0.00240299
6.06,117.9771,0,327.2323,1.044387,5.566925,0,0,0.002359496
6.07,118.557,0,328.2738,1.044328,5.566983,0,0,0.002315791
6.08,119.1384,0,329.3168,1.04427,5.567042,0,0,0.002271875
6.09,119.7213,0,330.3615,1.044212,5.567101,0,0,0.002227749
6.1,120.3057,0,331.4077,1.044155,5.56716,0,0,0.002183412
6.11,120.8916,0,332.4556,1.044098,5.567218,0,0,0.002138866
6.12,121.4791,0,333.505,1.044042,5.567277,0,0,0.002094112
6.13,122.068,0,334.556,1.043986,5.567336,0,0,0.002049149
6.14,122.6585,0,335.6086,1.043931,5.567395,0,0,0.002003979
6.15,123.2504,0,336.6628,1.043876,5.567453,0,0,0.001958601
6.16,123.8439,0,337.7185,1.043822,5.567512,0,0,0.001913017
6.17,124.4389,0,338.7758,1.043768,5.567571,0,0,0.001867226
6.18,125.0354,0,339.8348,1.043715,5.567629,0,0,0.001821231
6.19,125.6334,0,340.8953,1.043663,5.567688,0,0,0.00177503
6.2,126.2329,0,341.9574,1.043611,5.567747,0,0,0.001728625
6.21,126.8339,0,343.0211,1.043559,5.567805,0,0,0.001682016
6.22,127.4364,0,344.0864,1.043508,5.567864,0,0,0.001635204
6.23,128.0405,0,345.1533,1.043458,5.567923,0,0,0.001588189
6.24,128.646,0,346.2218,1.043408,5.567981,0,0,0.001540972
6.25,129.253,0,347.2918,1.043358,5.56804,0,0,0.001493554
6.26,129.8616,0,348.3635,1.043309,5.568098,0,0,0.001445934
6.27,130.4717,0,349.4367,1.043261,5.568157,0,0,0.001398114
6.28,131.0832,0,350.5115,1.043213,5.568215,0,0,0.001350095
6.29,131.6963,0,351.588,1.043165,5.568274,0,0,0.001301946
6.3,132.3109,0,352.666,1.043118,5.568332,0,0,0.001253642
6.31,132.927,0,353.7455,1.043072,5.56839,0,0,0.00120513
6.32,133.5446,0,354.8267,1.043025,5.568449,0,0,0.00115641
6.33,134.1637,0,355.9095,1.04298,5.568507,0,0,0.001107483
6.34,134.7843,0,356.9939,1.042934,5.568566,0,0,0.00105835
6.35,135.4064,0,358.0798,1.04289,5.568624,0,0,0.00100901
6.36,136.03,0,359.1673,1.042845,5.568682,0,0,0.0009594664
6.37,136.6552,0,360.2565,1.042801,5.568741,0,0,0.0009097182
6.38,137.2818,0,361.3472,1.042758,5.568799,0,0,0.0008597664
6.39,137.9099,0,362.4395,1.042715,5.568857,0,0,0.000809612
6.4,138.5396,0,363.5334,1.042672,5.568915,0,0,0.0007592556
6.41,139.1707,0,364.6288,1.04263,5.568974,0,0,0.0007086979
6.42,139.8034,0,365.7259,1.042588,5.569032,0,0,0.0006579396
6.43,140.4376,0,366.8246,1.042547,5.56909,0,0,0.0006069816
6.44,141.0732,0,367.9248,1.042506,5.569148,0,0,0.0005558246
6.45,141.7104,0,369.0267,1.042465,5.569206,0,0,0.0005044692
6.46,142.3491,0,370.1301,1.042425,5.569264,0,0,0.0004529163
6.47,142.9893,0,371.2352,1.042385,5.569323,0,0,0.0004011665
6.48,143.631,0,372.3418,1.042346,5.569381,0,0,0.0003492206
6.49,144.2742,0,373.45,1.042307,5.569439,0,0,0.0002970794
6.5,144.9189,0,374.5598,1.042268,5.569497,0,0,0.0002447435
6.51,145.5651,0,375.6712,1.04223,5.569555,0,0,0.0001922138
6.52,146.2128,0,376.7841,1.042192,5.569613,0,0,0.0001394909
6.53,146.862,0,377.8987,1.042155,5.569671,0,0,8.657559e-05
6.54,147.5127,0,379.0149,1.042118,5.569729,0,0,3.346866e-05
6.55,148.1649,0,380.1326,1.042081,5.569787,0,0,-1.98292e-05
6.56,148.8187,0,381.252,1.042045,5.569845,0,0,-7.331723e-05
6.57,149.4739,0,382.3729,1.042009,5.569903,0,0,-0.0001269947
6.58,150.1306,0,383.4955,1.041973,5.569961,0,0,-0.0001808608
6.59,150.7888,0,384.6196,1.041938,5.570019,0,0,-0.0002349149
6.6,151.4486,0,385.7453,1.041903,5.570076,0,0,-0.0002891562
6.61,152.1098,0,386.8726,1.041869,5.570134,0,0,-0.0003435839
6.62,152.7726,0,388.0015,1.041835,5.570192,0,0,-0.0003981974
6.63,153.4368,0,389.132,1.041801,5.57025,0,0,-0.0004529958
6.64,154.1026,0,390.264,1.041768,5.570308,0,0,-0.0005079784
6.65,154.7698,0,391.3977,1.041734,5.570365,0,0,-0.0005631445
6.66,155.4385,0,392.533,1.041702,5.570423,0,0,-0.0006184934
6.67,156.1088,0,393.6698,1.041669,5.570481,0,0,-0.0006740241
6.68,156.7805,0,394.8083,1.041637,5.570539,0,0,-0.0007297362
6.69,157.4538,0,395.9483,1.041605,5.570596,0,0,-0.0007856287
6.7,158.1285,0,397.09,1.041574,5.570654,0,0,-0.000841701
6.71,158.8048,0,398.2332,1.041543,5.570712,0,0,-0.0008979522
6.72,159.4825,0,399.378,1.041512,5.570769,0,0,-0.0009548084
6.73,160.1618,0,400.5244,1.041482,5.570827,0,0,-0.001013303
6.74,160.8425,0,401.6724,1.041451,5.570885,0,0,-0.001071941
6.75,161.5248,0,402.822,1.041422,5.570942,0,0,-0.001130737
6.76,162.2085,0,403.9732,1.041392,5.571,0,0,-0.001189689
6.77,162.8938,0,405.126,1.041363,5.571057,0,0,-0.001248797
6.78,163.5806,0,406.2804,1.041334,5.571115,0,0,-0.00130806
6.79,164.2688,0,407.4364,1.041305,5.571172,0,0,-0.001367476
6.8,164.9585,0,408.5939,1.041277,5.57123,0,0,-0.001427046
6.81,165.6498,0,409.7531,1.041249,5.571287,0,0,-0.001486768
6.82,166.3425,0,410.9138,1.041221,5.571345,0,0,-0.001546642
6.83,167.0368,0,412.0762,1.041194,5.571402,0,0,-0.001606667
6.84,167.7325,0,413.2401,1.041167,5.57146,0,0,-0.001666842
6.85,168.4297,0,414.4057,1.04114,5.571517,0,0,-0.001727165
6.86,169.1284,0,415.5728,1.041113,5.571574,0,0,-0.001787638
6.87,169.8287,0,416.7415,1.041087,5.571632,0,0,-0.001848258
6.88,170.5304,0,417.9119,1.041061,5.571689,0,0,-0.001909025
6.89,171.2336,0,419.0838,1.041035,5.571746,0,0,-0.001969942
6.9,171.9383,0,420.2573,1.041009,5.571804,0,0,-0.002031011
6.91,172.6445,0,421.4324,1.040984,5.571861,0,0,-0.002092228
6.92,173.3522,0,422.6091,1.040959,5.571918,0,0,-0.002153592
6.93,174.0614,0,423.7874,1.040935,5.571975,0,0,-0.002215103
6.94,174.7721,0,424.9673,1.04091,5.572032,0,0,-0.00227676
6.95,175.4843,0,426.1488,1.040886,5.57209,0,0,-0.002338562
6.96,176.198,0,427.3319,1.040862,5.572147,0,0,-0.002400508
6.97,176.9132,0,428.5166,1.040838,5.572204,0,0,-0.002462599
6.98,177.6298,0,429.7029,1.040815,5.572261,0,0,-0.002524832
6.99,178.348,0,430.8907,1.040792,5.572319,0,0,-0.002587208
7,179.0677,0,432.0802,1.040769,5.572375,0,0,-0.002649725
7.01,179.7888,0,433.2712,1.040746,5.572433,0,0,-0.002712383
7.02,180.5115,0,434.4639,1.040724,5.57249,0,0,-0.002775181
7.03,181.2356,0,435.6582,1.040702,5.572546,0,0,-0.002838119
7.04,181.9612,0,436.854,1.04068,5.572604,0,0,-0.002901195
7.05,182.6883,0,438.0515,1.040658,5.572661,0,0,-0.00296441
7.06,183.4169,0,439.2505,1.040637,5.572718,0,0,-0.003027761
7.07,184.147,0,440.4512,1.040616,5.572775,0,0,-0.003090453
7.08,184.8786,0,441.6535,1.040595,5.572832,0,0,-0.003153281
7.09,185.6117,0,442.8573,1.040574,5.572888,0,0,-0.003216256
7.1,186.3463,0,444.0628,1.040553,5.572946,0,0,-0.003279377
7.11,187.0824,0,445.2698,1.040533,5.573002,0,0,-0.003342644
7.12,187.8199,0,446.4785,1.040513,5.573059,0,0,-0.003406056
7.13,188.559,0,447.6887,1.040493,5.573116,0,0,-0.003469611
7.14,189.2995,0,448.9006,1.040474,5.573173,0,0,-0.00353331
7.15,190.0415,0,450.114,1.040454,5.57323,0,0,-0.003597152
7.16,190.7851,0,451.3291,1.040435,5.573287,0,0,-0.003661136
7.17,191.5301,0,452.5457,1.040416,5.573343,0,0,-0.003725261
7.18,192.2766,0,453.764,1.040397,5.5734,0,0,-0.003789527
7.19,193.0246,0,454.9838,1.040379,5.573457,0,0,-0.003853933
7.2,193.774,0,456.2053,1.04036,5.573514,0,0,-0.003918478
7.21,194.525,0,457.4283,1.040342,5.57357,0,0,-0.003983161
7.22,195.2775,0,458.653,1.040324,5.573627,0,0,-0.004047982
7.23,196.0314,0,459.8793,1.040306,5.573683,0,0,-0.00411294
7.24,196.7868,0,461.1071,1.040289,5.57374,0,0,-0.004178035
7.25,197.5437,0,462.3366,1.040272,5.573797,0,0,-0.004242675
7.26,198.3021,0,463.5677,1.040254,5.573853,0,0,-0.004306277
7.27,199.062,0,464.8004,1.040238,5.57391,0,0,-0.004370034
7.28,199.8234,0,466.0346,1.040221,5.573967,0,0,-0.004433949
7.29,200.5863,0,467.2705,1.040204,5.574023,0,0,-0.00449802
7.3,201.3506,0,468.508,1.040188,5.57408,0,0,-0.004562249
7.31,202.1165,0,469.7471,1.040172,5.574136,0,0,-0.004626634
7.32,202.8838,0,470.9878,1.040156,5.574193,0,0,-0.004691173
7.33,203.6526,0,472.2301,1.04014,5.574249,0,0,-0.004755868
7.34,204.4229,0,473.474,1.040124,5.574306,0,0,-0.004820716
7.35,205.1947,0,474.7195,1.040109,5.574362,0,0,-0.004885718
7.36,205.9679,0,475.9667,1.040093,5.574418,0,0,-0.004950871
7.37,206.7427,0,477.2154,1.040078,5.574475,0,0,-0.005016178
7.38,207.5189,0,478.4658,1.040063,5.574531,0,0,-0.005081635
7.39,208.2967,0,479.7177,1.040049,5.574587,0,0,-0.005147243
7.4,209.0759,0,480.9713,1.040034,5.574644,0,0,-0.005213001
7.41,209.8566,0,482.2264,1.04002,5.5747,0,0,-0.005278909
7.42,210.6387,0,483.4832,1.040006,5.574756,0,0,-0.005344965
7.43,211.4224,0,484.7416,1.039991,5.574812,0,0,-0.005411169
7.44,212.2076,0,486.0016,1.039978,5.574869,0,0,-0.005477521
7.45,212.9942,0,487.2632,1.039964,5.574925,0,0,-0.005542771
7.46,213.7823,0,488.5264,1.03995,5.574981,0,0,-0.005606684
7.47,214.5719,0,489.7912,1.039937,5.575037,0,0,-0.005670768
7.48,215.363,0,491.0576,1.039924,5.575094,0,0,-0.005735024
7.49,216.1555,0,492.3257,1.039911,5.57515,0,0,-0.005799453
7.5,216.9496,0,493.5954,1.039898,5.575206,0,0,-0.005864055
7.51,217.7451,0,494.8666,1.039885,5.575262,0,0,-0.00592883
7.52,218.5421,0,496.1395,1.039872,5.575318,0,0,-0.005993777
7.53,219.3406,0,497.414,1.03986,5.575374,0,0,-0.006058896
7.54,220.1406,0,498.6902,1.039847,5.57543,0,0,-0.006124188
7.55,220.942,0,499.9679,1.039835,5.575486,0,0,-0.006189652
7.56,221.745,0,501.2472,1.039823,5.575542,0,0,-0.006255288
7.57,222.5494,0,502.5282,1.039811,5.575598,0,0,-0.006321096
7.58,223.3553,0,503.8108,1.0398,5.575654,0,0,-0.006387076
7.59,224.1627,0,505.095,1.039788,5.57571,0,0,-0.006453228
7.6,224.9716,0,506.3808,1.039777,5.575766,0,0,-0.006519551
7.61,225.7819,0,507.6682,1.039766,5.575822,0,0,-0.006586046
7.62,226.5938,0,508.9572,1.039755,5.575878,0,0,-0.006652712
7.63,227.4071,0,510.2479,1.039743,5.575933,0,0,-0.006719549
7.64,228.2219,0,511.5402,1.039733,5.57599,0,0,-0.006786558
7.65,229.0382,0,512.8341,1.039722,5.576046,0,0,-0.006853737
7.66,229.8559,0,514.1296,1.039711,5.576101,0,0,-0.006921508
7.67,230.6752,0,515.4268,1.039701,5.576157,0,0,-0.006991988
7.68,231.4959,0,516.7255,1.039691,5.576213,0,0,-0.007062534
7.69,232.3181,0,518.0259,1.03968,5.576269,0,0,-0.007133211
7.7,233.1418,0,519.3279,1.03967,5.576324,0,0,-0.007204019
7.71,233.9669,0,520.6316,1.039661,5.57638,0,0,-0.007274959
7.72,234.7936,0,521.9368,1.039651,5.576436,0,0,-0.007346028
7.73,235.6217,0,523.2437,1.039641,5.576491,0,0,-0.007417227
7.74,236.4513,0,524.5522,1.039632,5.576547,0,0,-0.007488556
7.75,237.2824,0,525.8624,1.039622,5.576602,0,0,-0.007560014
7.76,238.115,0,527.1741,1.039613,5.576658,0,0,-0.0076316
7.77,238.949,0,528.4875,1.039604,5.576714,0,0,-0.007703314
7.78,239.7845,0,529.8025,1.039595,5.576769,0,0,-0.007775156
7.79,240.6215,0,531.1191,1.039586,5.576825,0,0,-0.007847125
7.8,241.46,0,532.4374,1.039577,5.57688,0,0,-0.007919221
7.81,242.2999,0,533.7573,1.039569,5.576936,0,0,-0.007991443
7.82,243.1414,0,535.0787,1.03956,5.576992,0,0,-0.008063791
7.83,243.9843,0,536.4019,1.039552,5.577047,0,0,-0.008136265
7.84,244.8287,0,537.7266,1.039544,5.577102,0,0,-0.008208864
7.85,245.6745,0,539.053,1.039536,5.577158,0,0,-0.008281588
7.86,246.5219,0,540.381,1.039528,5.577213,0,0,-0.008354435
7.87,247.3707,0,541.7106,1.03952,5.577269,0,0,-0.008427407
7.88,248.221,0,543.0419,1.039512,5.577324,0,0,-0.008500502
7.89,249.0727,0,544.3748,1.039504,5.577379,0,0,-0.008575698
7.9,249.926,0,545.7093,1.039497,5.577435,0,0,-0.008658675
7.91,250.7807,0,547.0455,1.039489,5.57749,0,0,-0.008741592
7.92,251.6369,0,548.3832,1.039482,5.577545,0,0,-0.008824543
7.93,252.4945,0,549.7227,1.039475,5.5776,0,0,-0.008907525
7.94,253.3536,0,551.0637,1.039468,5.577656,0,0,-0.008990537
7.95,254.2142,0,552.4063,1.039461,5.577711,0,0,-0.009073577
7.96,255.0763,0,553.7506,1.039454,5.577766,0,0,-0.009156643
7.97,255.9399,0,555.0966,1.039447,5.577821,0,0,-0.009239732
7.98,256.8049,0,556.4441,1.039441,5.577877,0,0,-0.009322845
7.99,257.6714,0,557.7933,1.039434,5.577932,0,0,-0.009405977
8,258.5393,0,559.144,1.039428,5.577987,0,0,-0.00948912
8.01,259.4088,0,560.4965,1.039422,5.578042,0,0,-0.009568619
8.02,260.2796,0,561.8506,1.039417,5.578097,0,0,-0.009650226
8.03,261.152,0,563.2063,1.039413,5.578152,0,0,-0.009732087
8.04,262.0258,0,564.5636,1.039409,5.578207,0,0,-0.009814197
8.05,262.9011,0,565.9225,1.039407,5.578262,0,0,-0.009896552
8.06,263.7779,0,567.2831,1.039406,5.578317,0,0,-0.009979149
8.07,264.6561,0,568.6454,1.039405,5.578372,0,0,-0.01006198
8.08,265.5358,0,570.0092,1.039405,5.578427,0,0,-0.01014505
8.09,266.417,0,571.3747,1.039407,5.578482,0,0,-0.01022834
8.1,267.2996,0,572.7418,1.039409,5.578537,0,0,-0.01031185
8.11,268.1837,0,574.1105,1.039412,5.578592,0,0,-0.01039559
8.12,269.0692,0,575.4809,1.039415,5.578647,0,0,-0.01047954
8.13,269.9562,0,576.8529,1.03942,5.578702,0,0,-0.0105637
8.14,270.8447,0,578.2265,1.039425,5.578757,0,0,-0.01064917
8.15,271.7346,0,579.6018,1.039431,5.578812,0,0,-0.01073592
8.16,272.626,0,580.9787,1.039439,5.578866,0,0,-0.01082294
8.17,273.5189,0,582.3572,1.039446,5.578921,0,0,-0.01091026
8.18,274.4132,0,583.7374,1.039455,5.578976,0,0,-0.01099785
8.19,275.309,0,585.1191,1.039465,5.579031,0,0,-0.01108573
8.2,276.2062,0,586.5026,1.039475,5.579085,0,0,-0.01117388
8.21,277.1049,0,587.8876,1.039486,5.57914,0,0,-0.01126231
8.22,278.005,0,589.2743,1.039498,5.579195,0,0,-0.01135101
8.23,278.9066,0,590.6626,1.03951,5.579249,0,0,-0.01143998
8.24,279.8097,0,592.0526,1.039523,5.579304,0,0,-0.01152922
8.25,280.7142,0,593.4442,1.039538,5.579359,0,0,-0.01161873
8.26,281.6202,0,594.8374,1.039552,5.579413,0,0,-0.01170851
8.27,282.5276,0,596.2322,1.039568,5.579468,0,0,-0.01179855
8.28,283.4365,0,597.6287,1.039584,5.579523,0,0,-0.01188885
8.29,284.3468,0,599.0269,1.039601,5.579577,0,0,-0.01197941
8.3,285.2586,0,600.4266,1.039619,5.579632,0,0,-0.01207022
8.31,286.1718,0,601.828,1.039637,5.579686,0,0,-0.01216129
8.32,287.0865,0,603.231,1.039657,5.579741,0,0,-0.01225262
8.33,288.0027,0,604.6357,1.039676,5.579795,0,0,-0.01234419
8.34,288.9203,0,606.042,1.039697,5.57985,0,0,-0.01243602
8.35,289.8393,0,607.45,1.039718,5.579904,0,0,-0.01252809
8.36,290.7598,0,608.8595,1.03974,5.579958,0,0,-0.01262041
8.37,291.6817,0,610.2707,1.039763,5.580013,0,0,-0.01271297
8.38,292.6051,0,611.6835,1.039786,5.580067,0,0,-0.01280577
8.39,293.5299,0,613.098,1.03981,5.580122,0,0,-0.01289814
8.4,294.4562,0,614.5142,1.039834,5.580176,0,0,-0.01298973
8.41,295.3839,0,615.9319,1.03986,5.58023,0,0,-0.01308159
8.42,296.3131,0,617.3513,1.039886,5.580285,0,0,-0.01317373
8.43,297.2437,0,618.7724,1.039912,5.580339,0,0,-0.01326615
8.44,298.1758,0,620.1951,1.039939,5.580393,0,0,-0.01335883
8.45,299.1093,0,621.6194,1.039967,5.580447,0,0,-0.0134518
8.46,300.0443,0,623.0453,1.039995,5.580502,0,0,-0.01354503
8.47,300.9807,0,624.473,1.040024,5.580555,0,0,-0.01363852
8.48,301.9185,0,625.9022,1.040054,5.58061,0,0,-0.01373229
8.49,302.8578,0,627.3331,1.040084,5.580664,0,0,-0.01382632
8.5,303.7985,0,628.7656,1.040115,5.580718,0,0,-0.01392062
8.51,304.7406,0,630.1998,1.040146,5.580772,0,0,-0.01401517
8.52,305.6842,0,631.6356,1.040178,5.580826,0,0,-0.01410999
8.53,306.6293,0,633.073,1.040211,5.58088,0,0,-0.01420506
8.54,307.5758,0,634.5121,1.040244,5.580935,0,0,-0.01430039
8.55,308.5237,0,635.9529,1.040278,5.580988,0,0,-0.01439598
8.56,309.473,0,637.3953,1.040312,5.581042,0,0,-0.01449182
8.57,310.4238,0,638.8393,1.040347,5.581097,0,0,-0.01458792
8.58,311.3761,0,640.2849,1.040383,5.581151,0,0,-0.01468426
8.59,312.3297,0,641.7322,1.040418,5.581204,0,0,-0.01478085
8.6,313.2848,0,643.1812,1.040455,5.581258,0,0,-0.01487769
8.61,314.2414,0,644.6318,1.040492,5.581312,0,0,-0.01497478
8.62,315.1993,0,646.0841,1.04053,5.581366,0,0,-0.01507211
8.63,316.1587,0,647.538,1.040568,5.58142,0,0,-0.01516968
8.64,317.1196,0,648.9935,1.040606,5.581474,0,0,-0.0152675
8.65,318.0818,0,650.4507,1.040646,5.581528,0,0,-0.01536313
8.66,319.0455,0,651.9096,1.040685,5.581582,0,0,-0.01545735
8.67,320.0107,0,653.3701,1.040726,5.581635,0,0,-0.01555185
8.68,320.9772,0,654.8322,1.040766,5.581689,0,0,-0.01564662
8.69,321.9452,0,656.296,1.040807,5.581743,0,0,-0.01574164
8.7,322.9146,0,657.7615,1.040849,5.581796,0,0,-0.01583694
8.71,323.8855,0,659.2285,1.040892,5.58185,0,0,-0.0159325
8.72,324.8578,0,660.6973,1.040934,5.581904,0,0,-0.01602832
8.73,325.8315,0,662.1677,1.040977,5.581957,0,0,-0.0161244
8.74,326.8066,0,663.6397,1.041021,5.582011,0,0,-0.01622075
8.75,327.7831,0,665.1134,1.041065,5.582065,0,0,-0.01631735
8.76,328.7611,0,666.5887,1.04111,5.582119,0,0,-0.01641421
8.77,329.7405,0,668.0658,1.041155,5.582172,0,0,-0.01651132
8.78,330.7214,0,669.5444,1.041201,5.582225,0,0,-0.01660869
8.79,331.7036,0,671.0247,1.041247,5.582279,0,0,-0.01670631
8.8,332.6873,0,672.5067,1.041293,5.582333,0,0,-0.01680418
8.81,333.6724,0,673.9903,1.04134,5.582386,0,0,-0.01690231
8.82,334.6589,0,675.4756,1.041387,5.582439,0,0,-0.01700068
8.83,335.6469,0,676.9625,1.041435,5.582493,0,0,-0.01709931
8.84,336.6363,0,678.4511,1.041484,5.582546,0,0,-0.01719817
8.85,337.627,0,679.9413,1.041532,5.5826,0,0,-0.01729729
8.86,338.6193,0,681.4332,1.041581,5.582653,0,0,-0.01739665
8.87,339.6129,0,682.9268,1.041631,5.582706,0,0,-0.01749625
8.88,340.6079,0,684.4221,1.041681,5.58276,0,0,-0.01759609
8.89,341.6044,0,685.9189,1.041731,5.582813,0,0,-0.01769617
8.9,342.6023,0,687.4174,1.041782,5.582867,0,0,-0.01779649
8.91,343.6016,0,688.9176,1.041834,5.58292,0,0,-0.01789705
8.92,344.6023,0,690.4195,1.041885,5.582973,0,0,-0.01798989
8.93,345.6044,0,691.923,1.041937,5.583026,0,0,-0.0180805
8.94,346.6079,0,693.4282,1.04199,5.583079,0,0,-0.01817138
8.95,347.6129,0,694.935,1.042043,5.583133,0,0,-0.01826252
8.96,348.6193,0,696.4435,1.042096,5.583186,0,0,-0.01835392
8.97,349.627,0,697.9537,1.042149,5.583239,0,0,-0.01844558
8.98,350.6363,0,699.4655,1.042203,5.583292,0,0,-0.0185375
8.99,351.6469,0,700.9789,1.042258,5.583345,0,0,-0.01862968
9,352.6589,0,702.4941,1.042313,5.583398,0,0,-0.01872212
9.01,353.6723,0,704.0109,1.042368,5.583452,0,0,-0.01881482
9.02,354.6871,0,705.5294,1.042423,5.583505,0,0,-0.01890777
9.03,355.7034,0,707.0496,1.042479,5.583558,0,0,-0.01900098
9.04,356.7211,0,708.5714,1.042535,5.583611,0,0,-0.01909444
9.05,357.7401,0,710.0948,1.042592,5.583663,0,0,-0.01918816
9.06,358.7606,0,711.62,1.042649,5.583717,0,0,-0.01928213
9.07,359.7825,0,713.1468,1.042706,5.58377,0,0,-0.01937636
9.08,360.8058,0,714.6753,1.042764,5.583823,0,0,-0.01947084
9.09,361.8305,0,716.2054,1.042822,5.583876,0,0,-0.01956556
9.1,362.8566,0,717.7372,1.04288,5.583929,0,0,-0.01966054
9.11,363.8841,0,719.2708,1.042939,5.583981,0,0,-0.01975577
9.12,364.913,0,720.8059,1.042998,5.584034,0,0,-0.01985125
9.13,365.9434,0,722.3427,1.043058,5.584087,0,0,-0.01994698
9.14,366.9751,0,723.8812,1.043117,5.58414,0,0,-0.02004295
9.15,368.0082,0,725.4214,1.043177,5.584193,0,0,-0.02013917
9.16,369.0428,0,726.9633,1.043238,5.584245,0,0,-0.02023563
9.17,370.0787,0,728.5068,1.043299,5.584298,0,0,-0.02033234
9.18,371.116,0,730.052,1.04336,5.584351,0,0,-0.0204293
9.19,372.1548,0,731.5989,1.043421,5.584404,0,0,-0.02052649
9.2,373.1949,0,733.1474,1.043483,5.584456,0,0,-0.02061434
9.21,374.2365,0,734.6976,1.043545,5.584509,0,0,-0.02069454
9.22,375.2794,0,736.2496,1.043607,5.584561,0,0,-0.02077474
9.23,376.3237,0,737.8031,1.043669,5.584614,0,0,-0.02085493
9.24,377.3695,0,739.3584,1.043732,5.584667,0,0,-0.02093512
9.25,378.4166,0,740.9153,1.043795,5.584719,0,0,-0.0210153
9.26,379.4651,0,742.4739,1.043859,5.584772,0,0,-0.02109547
9.27,380.5151,0,744.0342,1.043923,5.584825,0,0,-0.02117563
9.28,381.5664,0,745.5962,1.043987,5.584877,0,0,-0.02125577
9.29,382.6192,0,747.1599,1.044051,5.584929,0,0,-0.0213359
9.3,383.6733,0,748.7252,1.044115,5.584982,0,0,-0.021416
9.31,384.7288,0,750.2922,1.04418,5.585034,0,0,-0.02149609
9.32,385.7858,0,751.8609,1.044245,5.585087,0,0,-0.02157615
9.33,386.8441,0,753.4313,1.044311,5.585139,0,0,-0.02165618
9.34,387.9038,0,755.0034,1.044376,5.585192,0,0,-0.02173619
9.35,388.9649,0,756.5771,1.044442,5.585244,0,0,-0.02181616
9.36,390.0274,0,758.1525,1.044509,5.585296,0,0,-0.02189609
9.37,391.0913,0,759.7297,1.044575,5.585349,0,0,-0.02197599
9.38,392.1566,0,761.3085,1.044642,5.585401,0,0,-0.02205585
9.39,393.2233,0,762.889,1.044709,5.585454,0,0,-0.02213566
9.4,394.2914,0,764.4712,1.044776,5.585505,0,0,-0.02221543
9.41,395.3609,0,766.0551,1.044843,5.585558,0,0,-0.02229515
9.42,396.4318,0,767.6406,1.044911,5.58561,0,0,-0.02237482
9.43,397.504,0,769.2279,1.044979,5.585662,0,0,-0.02245444
9.44,398.5777,0,770.8168,1.045047,5.585714,0,0,-0.022534
9.45,399.6528,0,772.4075,1.045116,5.585767,0,0,-0.0226135
9.46,400.7292,0,773.9998,1.045184,5.585819,0,0,-0.02269294
9.47,401.807,0,775.5938,1.045253,5.585871,0,0,-0.02277231
9.48,402.8863,0,777.1895,1.045323,5.585923,0,0,-0.02285162
9.49,403.9669,0,778.787,1.045392,5.585975,0,0,-0.02293085
9.5,405.0489,0,780.386,1.045462,5.586027,0,0,-0.02305206
9.51,406.1323,0,781.9869,1.045532,5.586079,0,0,-0.02318725
9.52,407.2171,0,783.5894,1.045602,5.586131,0,0,-0.02332265
9.53,408.3033,0,785.1935,1.045673,5.586183,0,0,-0.02345827
9.54,409.3909,0,786.7994,1.045744,5.586235,0,0,-0.0235941
9.55,410.4798,0,788.407,1.045815,5.586287,0,0,-0.02373014
9.56,411.5702,0,790.0164,1.045886,5.586339,0,0,-0.02386639
9.57,412.6619,0,791.6273,1.045958,5.586391,0,0,-0.02400283
9.58,413.755,0,793.24,1.04603,5.586443,0,0,-0.02413946
9.59,414.8495,0,794.8544,1.046102,5.586495,0,0,-0.02427628
9.6,415.9454,0,796.4705,1.046175,5.586546,0,0,-0.02441329
9.61,417.0426,0,798.0883,1.046247,5.586598,0,0,-0.02455048
9.62,418.1413,0,799.7078,1.04632,5.58665,0,0,-0.02468784
9.63,419.2413,0,801.3289,1.046393,5.586702,0,0,-0.02482537
9.64,420.3427,0,802.9518,1.046467,5.586754,0,0,-0.02496306
9.65,421.4454,0,804.5764,1.04654,5.586805,0,0,-0.02510091
9.66,422.5496,0,806.2027,1.046614,5.586857,0,0,-0.02523892
9.67,423.6551,0,807.8307,1.046689,5.586909,0,0,-0.02537708
9.68,424.762,0,809.4604,1.046763,5.586961,0,0,-0.02551538
9.69,425.8702,0,811.0918,1.046838,5.587012,0,0,-0.02565383
9.7,426.9799,0,812.7249,1.046913,5.587064,0,0,-0.02579241
9.71,428.0909,0,814.3597,1.046988,5.587116,0,0,-0.02593112
9.72,429.2032,0,815.9962,1.047063,5.587167,0,0,-0.02606995
9.73,430.317,0,817.6345,1.047139,5.587219,0,0,-0.02620891
9.74,431.432,0,819.2744,1.047215,5.58727,0,0,-0.02634799
9.75,432.5485,0,820.916,1.04729,5.587322,0,0,-0.02648718
9.76,433.6664,0,822.5594,1.047367,5.587373,0,0,-0.02662647
9.77,434.7855,0,824.2044,1.047443,5.587425,0,0,-0.02676586
9.78,435.9061,0,825.8512,1.04752,5.587476,0,0,-0.02690536
9.79,437.028,0,827.4996,1.047597,5.587528,0,0,-0.02704494
9.8,438.1513,0,829.1498,1.047674,5.587579,0,0,-0.02718462
9.81,439.2759,0,830.8017,1.047751,5.587631,0,0,-0.02732438
9.82,440.4019,0,832.4553,1.047829,5.587682,0,0,-0.02746685
9.83,441.5292,0,834.1106,1.047907,5.587733,0,0,-0.02761152
9.84,442.658,0,835.7676,1.047985,5.587785,0,0,-0.02775619
9.85,443.788,0,837.4263,1.048063,5.587836,0,0,-0.02790086
9.86,444.9194,0,839.0868,1.048141,5.587887,0,0,-0.02804554
9.87,446.0522,0,840.7489,1.04822,5.587939,0,0,-0.02819021
9.88,447.1863,0,842.4128,1.048299,5.58799,0,0,-0.02833487
9.89,448.3217,0,844.0784,1.048378,5.588041,0,0,-0.02847952
9.9,449.4586,0,845.7457,1.048457,5.588092,0,0,-0.02862416
9.91,450.5967,0,847.4147,1.048537,5.588143,0,0,-0.02876878
9.92,451.7362,0,849.0854,1.048617,5.588195,0,0,-0.02891338
9.93,452.877,0,850.7578,1.048697,5.588246,0,0,-0.02905796
9.94,454.0193,0,852.4319,1.048777,5.588297,0,0,-0.02920251
9.95,455.1628,0,854.1078,1.048857,5.588348,0,0,-0.02934703
9.96,456.3076,0,855.7854,1.048937,5.588399,0,0,-0.02949368
9.97,457.4539,0,857.4647,1.049018,5.58845,0,0,-0.02964037
9.98,458.6014,0,859.1457,1.049099,5.588501,0,0,-0.02978696
9.99,459.7503,0,860.8284,1.04918,5.588552,0,0,-0.02993348
10,460.9005,0,862.5129,1.049261,5.588603,0,0,-0.0300799
10.01,462.0521,0,864.199,1.049343,5.588654,0,0,-0.03022623
10.02,463.205,0,865.8869,1.049424,5.588705,0,0,-0.03037247
10.03,464.3592,0,867.5765,1.049506,5.588756,0,0,-0.03051861
10.04,465.5148,0,869.2679,1.049588,5.588807,0,0,-0.03066465
10.05,466.6716,0,870.9609,1.04967,5.588858,0,0,-0.0308106
10.06,467.8299,0,872.6556,1.049753,5.588909,0,0,-0.03095644
10.07,468.9894,0,874.3522,1.049835,5.58896,0,0,-0.03110217
10.08,470.1503,0,876.0504,1.049918,5.58901,0,0,-0.03124781
10.09,471.3125,0,877.7503,1.050001,5.589061,0,0,-0.03139333
10.1,472.476,0,879.452,1.050084,5.589112,0,0,-0.03153874
10.11,473.6408,0,881.1553,1.050167,5.589163,0,0,-0.03168404
10.12,474.807,0,882.8604,1.050251,5.589213,0,0,-0.03182923
10.13,475.9745,0,884.5672,1.050334,5.589264,0,0,-0.0319743
10.14,477.1433,0,886.2758,1.050418,5.589315,0,0,-0.03211925
10.15,478.3134,0,887.986,1.050502,5.589365,0,0,-0.03226408
10.16,479.4848,0,889.6981,1.050586,5.589417,0,0,-0.03240879
10.17,480.6576,0,891.4117,1.050671,5.589467,0,0,-0.03255337
10.18,481.8316,0,893.1272,1.050755,5.589518,0,0,-0.03269491
10.19,483.007,0,894.8444,1.05084,5.589568,0,0,-0.03282097
10.2,484.1837,0,896.5633,1.050924,5.589619,0,0,-0.0329476
10.21,485.3617,0,898.2839,1.051009,5.589669,0,0,-0.03307448
10.22,486.541,0,900.0062,1.051094,5.58972,0,0,-0.0332016
10.23,487.7216,0,901.7303,1.051179,5.58977,0,0,-0.03332896
10.24,488.9035,0,903.4561,1.051265,5.589821,0,0,-0.03345656
10.25,490.0868,0,905.1837,1.05135,5.589871,0,0,-0.03358439
10.26,491.2713,0,906.913,1.051435,5.589922,0,0,-0.03371246
10.27,492.4571,0,908.6439,1.051521,5.589972,0,0,-0.03384075
10.28,493.6443,0,910.3766,1.051607,5.590023,0,0,-0.03396926
10.29,494.8327,0,912.1111,1.051693,5.590073,0,0,-0.03409801
10.3,496.0225,0,913.8473,1.051779,5.590123,0,0,-0.03422696
10.31,497.2135,0,915.5853,1.051865,5.590174,0,0,-0.03435613
10.32,498.4059,0,917.3249,1.051952,5.590224,0,0,-0.03448552
10.33,499.5995,0,919.0663,1.052038,5.590274,0,0,-0.03461511
10.34,500.7944,0,920.8094,1.052125,5.590324,0,0,-0.0347449
10.35,501.9907,0,922.5543,1.052212,5.590375,0,0,-0.0348749
10.36,503.1882,0,924.3008,1.052299,5.590425,0,0,-0.0350051
10.37,504.387,0,926.0492,1.052386,5.590475,0,0,-0.03513549
10.38,505.5872,0,927.7993,1.052473,5.590525,0,0,-0.03526607
10.39,506.7885,0,929.551,1.05256,5.590576,0,0,-0.03539684
10.4,507.9912,0,931.3046,1.052648,5.590626,0,0,-0.0355278
10.41,509.1953,0,933.0598,1.052735,5.590676,0,0,-0.03565893
10.42,510.4005,0,934.8168,1.052823,5.590726,0,0,-0.03579025
10.43,511.6071,0,936.5756,1.052911,5.590776,0,0,-0.03592174
10.44,512.8149,0,938.3361,1.052999,5.590826,0,0,-0.0360534
10.45,514.024,0,940.0983,1.053087,5.590876,0,0,-0.03618523
10.46,515.2345,0,941.8622,1.053175,5.590926,0,0,-0.03631723
10.47,516.4462,0,943.6279,1.053263,5.590976,0,0,-0.03644938
10.48,517.6592,0,945.3954,1.053352,5.591026,0,0,-0.0365817
10.49,518.8734,0,947.1646,1.05344,5.591076,0,0,-0.03671417
10.5,520.089,0,948.9355,1.053529,5.591126,0,0,-0.03684678
10.51,521.3058,0,950.7082,1.053618,5.591176,0,0,-0.03697955
10.52,522.5239,0,952.4825,1.053707,5.591226,0,0,-0.03711246
10.53,523.7433,0,954.2587,1.053796,5.591276,0,0,-0.03724552
10.54,524.9639,0,956.0366,1.053885,5.591325,0,0,-0.03737871
10.55,526.1859,0,957.8162,1.053975,5.591375,0,0,-0.03751203
10.56,527.4091,0,959.5976,1.054064,5.591425,0,0,-0.03764548
10.57,528.6335,0,961.3807,1.054153,5.591475,0,0,-0.03777906
10.58,529.8593,0,963.1656,1.054243,5.591525,0,0,-0.03791277
10.59,531.0862,0,964.9522,1.054333,5.591574,0,0,-0.03804659
10.6,532.3145,0,966.7406,1.054423,5.591624,0,0,-0.03818054
10.61,533.5441,0,968.5307,1.054513,5.591673,0,0,-0.03832297
10.62,534.7749,0,970.3226,1.054603,5.591723,0,0,-0.03846751
10.63,536.007,0,972.1161,1.054693,5.591773,0,0,-0.03861189
10.64,537.2403,0,973.9115,1.054784,5.591823,0,0,-0.03875611
10.65,538.4749,0,975.7086,1.054874,5.591872,0,0,-0.03890017
10.66,539.7108,0,977.5074,1.054965,5.591922,0,0,-0.03904409
10.67,540.9479,0,979.308,1.055056,5.591971,0,0,-0.03918784
10.68,542.1863,0,981.1104,1.055147,5.592021,0,0,-0.03933143
10.69,543.4259,0,982.9145,1.055238,5.59207,0,0,-0.03947487
10.7,544.6667,0,984.7203,1.055329,5.59212,0,0,-0.03961816
10.71,545.9089,0,986.5279,1.05542,5.592169,0,0,-0.03976128
10.72,547.1523,0,988.3373,1.055511,5.592218,0,0,-0.03990425
10.73,548.397,0,990.1484,1.055603,5.592268,0,0,-0.04004706
10.74,549.6429,0,991.9612,1.055695,5.592318,0,0,-0.04018972
10.75,550.89,0,993.7758,1.055786,5.592367,0,0,-0.04033222
10.76,552.1384,0,995.5922,1.055878,5.592416,0,0,-0.04047457
10.77,553.3881,0,997.4103,1.05597,5.592465,0,0,-0.04061676
10.78,554.6389,0,999.2302,1.056062,5.592515,0,0,-0.04075879
10.79,555.8911,0,1001.052,1.056154,5.592564,0,0,-0.04090066
10.8,557.1445,0,1002.875,1.056247,5.592613,0,0,-0.04104238
10.81,558.399,0,1004.7,1.056339,5.592663,0,0,-0.04118395
10.82,559.6549,0,1006.527,1.056432,5.592712,0,0,-0.04132536
10.83,560.912,0,1008.356,1.056524,5.592761,0,0,-0.04146661
10.84,562.1703,0,1010.186,1.056617,5.59281,0,0,-0.04160771
10.85,563.4299,0,1012.018,1.05671,5.592859,0,0,-0.04174865
10.86,564.6907,0,1013.852,1.056803,5.592908,0,0,-0.04188943
10.87,565.9528,0,1015.688,1.056896,5.592957,0,0,-0.04203006
10.88,567.216,0,1017.525,1.056989,5.593007,0,0,-0.04217053
10.89,568.4805,0,1019.365,1.057082,5.593056,0,0,-0.04231085
10.9,569.7463,0,1021.206,1.057176,5.593105,0,0,-0.04245101
10.91,571.0132,0,1023.048,1.057269,5.593154,0,0,-0.04259101
10.92,572.2814,0,1024.893,1.057363,5.593203,0,0,-0.04273086
10.93,573.5508,0,1026.739,1.057456,5.593252,0,0,-0.04287056
10.94,574.8215,0,1028.587,1.05755,5.593301,0,0,-0.04301009
10.95,576.0933,0,1030.437,1.057644,5.59335,0,0,-0.04314948
10.96,577.3664,0,1032.288,1.057738,5.593399,0,0,-0.0432887
10.97,578.6407,0,1034.141,1.057832,5.593448,0,0,-0.04342777
10.98,579.9163,0,1035.997,1.057926,5.593496,0,0,-0.04356669
10.99,581.193,0,1037.853,1.05802,5.593545,0,0,-0.04370545
11,582.4709,0,1039.712,1.058115,5.593594,0,0,-0.04384405
11.01,583.7501,0,1041.572,1.058209,5.593643,0,0,-0.0439825
11.02,585.0305,0,1043.434,1.058304,5.593692,0,0,-0.04412079
11.03,586.3121,0,1045.298,1.058398,5.59374,0,0,-0.04425893
11.04,587.5949,0,1047.164,1.058493,5.593789,0,0,-0.04439691
11.05,588.879,0,1049.031,1.058588,5.593838,0,0,-0.04453474
11.06,590.1642,0,1050.901,1.058683,5.593886,0,0,-0.04467241
11.07,591.4506,0,1052.771,1.058778,5.593935,0,0,-0.04480993
11.08,592.7383,0,1054.644,1.058873,5.593984,0,0,-0.04494729
11.09,594.0271,0,1056.519,1.058968,5.594032,0,0,-0.0450845
11.1,595.3172,0,1058.395,1.059063,5.594081,0,0,-0.04522155
11.11,596.6085,0,1060.273,1.059158,5.59413,0,0,-0.04535845
11.12,597.9009,0,1062.153,1.059254,5.594178,0,0,-0.04549519
11.13,599.1946,0,1064.034,1.059349,5.594227,0,0,-0.04563304
11.14,600.4894,0,1065.917,1.059445,5.594275,0,0,-0.04577214
11.15,601.7855,0,1067.803,1.059541,5.594324,0,0,-0.04591113
11.16,603.0828,0,1069.689,1.059636,5.594372,0,0,-0.04605001
11.17,604.3812,0,1071.578,1.059732,5.594421,0,0,-0.04618878
11.18,605.6808,0,1073.469,1.059828,5.594469,0,0,-0.04632743
11.19,606.9817,0,1075.361,1.059924,5.594518,0,0,-0.04646598
11.2,608.2837,0,1077.255,1.06002,5.594566,0,0,-0.04660441
11.21,609.5869,0,1079.15,1.060117,5.594615,0,0,-0.04674272
11.22,610.8914,0,1081.048,1.060213,5.594663,0,0,-0.04688092
11.23,612.197,0,1082.947,1.060309,5.594711,0,0,-0.047019
11.24,613.5037,0,1084.848,1.060406,5.594759,0,0,-0.04715697
11.25,614.8117,0,1086.751,1.060502,5.594808,0,0,-0.04729483
11.26,616.1208,0,1088.656,1.060599,5.594856,0,0,-0.04743257
11.27,617.4312,0,1090.562,1.060696,5.594904,0,0,-0.0475702
11.28,618.7427,0,1092.47,1.060792,5.594952,0,0,-0.0477077
11.29,620.0554,0,1094.38,1.060889,5.595,0,0,-0.0478451
11.3,621.3693,0,1096.292,1.060986,5.595048,0,0,-0.04798237
11.31,622.6843,0,1098.205,1.061083,5.595097,0,0,-0.04811953
11.32,624.0005,0,1100.121,1.06118,5.595145,0,0,-0.04825656
11.33,625.3179,0,1102.038,1.061278,5.595193,0,0,-0.04839349
11.34,626.6365,0,1103.956,1.061375,5.595241,0,0,-0.0485303
11.35,627.9562,0,1105.877,1.061472,5.595289,0,0,-0.04866698
11.36,629.2772,0,1107.799,1.06157,5.595337,0,0,-0.04880356
11.37,630.5992,0,1109.724,1.061667,5.595385,0,0,-0.04894
11.38,631.9225,0,1111.65,1.061765,5.595433,0,0,-0.04907633
11.39,633.2469,0,1113.577,1.061862,5.595481,0,0,-0.04921255
11.4,634.5726,0,1115.507,1.06196,5.595529,0,0,-0.04934863
11.41,635.8993,0,1117.438,1.062058,5.595577,0,0,-0.04948461
11.42,637.2272,0,1119.371,1.062156,5.595624,0,0,-0.04962046
11.43,638.5563,0,1121.306,1.062254,5.595673,0,0,-0.04975619
11.44,639.8865,0,1123.243,1.062352,5.59572,0,0,-0.0498918
11.45,641.218,0,1125.181,1.06245,5.595768,0,0,-0.05002728
11.46,642.5505,0,1127.121,1.062548,5.595816,0,0,-0.05016265
11.47,643.8842,0,1129.064,1.062646,5.595864,0,0,-0.05029789
11.48,645.2191,0,1131.007,1.062744,5.595912,0,0,-0.050433
11.49,646.5551,0,1132.953,1.062843,5.595959,0,0,-0.050568
11.5,647.8923,0,1134.9,1.062941,5.596007,0,0,-0.05070287
11.51,649.2307,0,1136.849,1.06304,5.596055,0,0,-0.05083762
11.52,650.5701,0,1138.8,1.063138,5.596102,0,0,-0.05097225
11.53,651.9108,0,1140.753,1.063237,5.59615,0,0,-0.05110675
11.54,653.2526,0,1142.708,1.063336,5.596198,0,0,-0.05124112
11.55,654.5955,0,1144.664,1.063434,5.596245,0,0,-0.05137537
11.56,655.9396,0,1146.622,1.063533,5.596292,0,0,-0.0515095
11.57,657.2848,0,1148.582,1.063632,5.59634,0,0,-0.0516435
11.58,658.6312,0,1150.544,1.063731,5.596388,0,0,-0.05177737
11.59,659.9786,0,1152.507,1.06383,5.596435,0,0,-0.05191111
11.6,661.3273,0,1154.473,1.063929,5.596483,0,0,-0.05204473
11.61,662.6771,0,1156.44,1.064028,5.59653,0,0,-0.05217823
11.62,664.028,0,1158.409,1.064128,5.596578,0,0,-0.05231159
11.63,665.3801,0,1160.379,1.064227,5.596625,0,0,-0.05244483
11.64,666.7333,0,1162.352,1.064326,5.596673,0,0,-0.05257793
11.65,668.0876,0,1164.326,1.064426,5.59672,0,0,-0.05271091
11.66,669.4431,0,1166.302,1.064525,5.596767,0,0,-0.05284376
11.67,670.7997,0,1168.28,1.064625,5.596815,0,0,-0.05297647
11.68,672.1574,0,1170.259,1.064724,5.596862,0,0,-0.05310906
11.69,673.5162,0,1172.241,1.064824,5.596909,0,0,-0.05324152
11.7,674.8762,0,1174.224,1.064924,5.596956,0,0,-0.05337385
11.71,676.2374,0,1176.209,1.065024,5.597003,0,0,-0.05350605
11.72,677.5996,0,1178.196,1.065123,5.597051,0,0,-0.05363811
11.73,678.963,0,1180.185,1.065223,5.597098,0,0,-0.05377004
11.74,680.3275,0,1182.175,1.065323,5.597145,0,0,-0.05390184
11.75,681.6931,0,1184.167,1.065423,5.597192,0,0,-0.05403351
11.76,683.0598,0,1186.161,1.065523,5.597239,0,0,-0.05416504
11.77,684.4276,0,1188.157,1.065624,5.597287,0,0,-0.05429697
11.78,685.7966,0,1190.155,1.065724,5.597333,0,0,-0.05442984
11.79,687.1667,0,1192.154,1.065824,5.597381,0,0,-0.05456257
11.8,688.5378,0,1194.155,1.065924,5.597428,0,0,-0.05469515
11.81,689.9102,0,1196.158,1.066025,5.597475,0,0,-0.05482757
11.82,691.2836,0,1198.163,1.066125,5.597522,0,0,-0.05495986
11.83,692.6581,0,1200.17,1.066226,5.597569,0,0,-0.05509199
11.84,694.0338,0,1202.178,1.066326,5.597616,0,0,-0.05522397
11.85,695.4105,0,1204.189,1.066427,5.597662,0,0,-0.0553558
11.86,696.7884,0,1206.201,1.066528,5.597709,0,0,-0.05548748
11.87,698.1674,0,1208.214,1.066628,5.597756,0,0,-0.05561645
11.88,699.5474,0,1210.23,1.066729,5.597803,0,0,-0.05574492
11.89,700.9286,0,1212.248,1.06683,5.59785,0,0,-0.05587335
11.9,702.3109,0,1214.267,1.066931,5.597897,0,0,-0.0560017
11.91,703.6942,0,1216.288,1.067032,5.597943,0,0,-0.05613
11.92,705.0787,0,1218.311,1.067133,5.59799,0,0,-0.05625824
11.93,706.4643,0,1220.336,1.067234,5.598037,0,0,-0.05638641
11.94,707.851,0,1222.362,1.067335,5.598083,0,0,-0.05651452
11.95,709.2387,0,1224.39,1.067436,5.59813,0,0,-0.05664256
11.96,710.6276,0,1226.42,1.067537,5.598177,0,0,-0.05677053
11.97,712.0176,0,1228.452,1.067638,5.598224,0,0,-0.05689843
11.98,713.4086,0,1230.486,1.067739,5.59827,0,0,-0.05702626
11.99,714.8007,0,1232.522,1.067841,5.598317,0,0,-0.05715401
