time_s,pos_x_m,pos_y_m,pos_z_m,pitch_rad,cg_body_x_m,cg_body_y_m,cg_body_z_m,nozzle_angle_rad,thrust_normalized
0,0,0,-0,1.39626340159546,4.013788,0,0,0,0.863869593523551
0.0166666666666667,0.000588585667038876,0,0.00195736681886584,1.39703286913015,4.013673,0,0,0.00731692275051284,0.863869625556962
0.0333333333333333,0.00238744525686249,0,0.0078741454770038,1.40288656751508,4.013557,0,0,-0.00118673065241241,0.863869722388345
0.05,0.00530920605203925,0,0.017766492630556,1.40693045331176,4.013442,0,0,-0.0164646053612101,0.863869884282001
0.0666666666666667,0.00927084285161454,0,0.0316491101004278,1.40095936615411,4.013327,0,0,0.0198078648857686,0.863870111478346
0.0833333333333333,0.0144842641365029,0,0.0494862095042318,1.40971759653767,4.013211,0,0,0.0197315814833712,0.863870403391428
0.1,0.020852083564354,0,0.0712937315041718,1.42804630582291,4.013097,0,0,-0.0684953885047229,0.863870760281787
0.116666666666667,0.0278544137671373,0,0.0971434351719773,1.39888088269368,4.012981,0,0,-0.0248262246256337,0.863871183323384
0.133333333333333,0.0358987360922808,0,0.126975955494658,1.3521889341803,4.012866,0,0,0.0971955434040186,0.863871671544195
0.15,0.0459453278096706,0,0.160574737106951,1.38227588947854,4.012752,0,0,0.111363218188712,0.863872221399665
0.166666666666667,0.0578880074907364,0,0.197967903604558,1.50320755359253,4.012637,0,0,0.000525896094197041,0.863872833349446
0.183333333333333,0.0702860352493604,0,0.239386124329529,1.62528429036906,4.012521,0,0,-0.129085478483585,0.863873511167818
0.2,0.0815604394599281,0,0.28477107227571,1.64178568264938,4.012407,0,0,-0.15790440236076,0.863874253899467
0.216666666666667,0.0914389612242099,0,0.334083348777973,1.5283344717809,4.012292,0,0,-0.0503559763676652,0.863875060898782
0.233333333333333,0.101296304229546,0,0.387434941604118,1.36951511643176,4.012177,0,0,0.0862713775659535,0.863875933997527
0.25,0.113003025610429,0,0.444572687396626,1.28048641240581,4.012063,0,0,0.174532813112581,0.8638768690517
0.266666666666667,0.127592648146473,0,0.50515025218526,1.33120079658686,4.011948,0,0,0.109765033628318,0.863877860392607
0.283333333333333,0.144429805277805,0,0.569404763430583,1.47703094457852,4.011833,0,0,-0.0186215566630508,0.863878911899778
0.3,0.161787983187152,0,0.637679805481971,1.60979436163344,4.011719,0,0,-0.145221734652544,0.863880029194706
0.316666666666667,0.178036659451951,0,0.709933952798715,1.6251391971782,4.011604,0,0,-0.152461813967195,0.863881211598193
0.333333333333333,0.193019716913187,0,0.786148388632702,1.51299499279889,4.01149,0,0,-0.0409583896219761,0.863882458800961
0.35,0.208143538344126,0,0.866409581178935,1.36245987234907,4.011375,0,0,0.0957127091711418,0.863883772216568
0.366666666666667,0.225219142523747,0,0.950439973751564,1.28866883934316,4.011261,0,0,0.174083351379083,0.863885147301528
0.383333333333333,0.245127063561276,0,1.03794322081148,1.35443319985328,4.011147,0,0,0.0967944360560633,0.863886579204968
0.4,0.267061225868031,0,1.12920091633037,1.5058563590958,4.011032,0,0,-0.0343578103488894,0.863888072533402
0.416666666666667,0.289226574462383,0,1.22450348900949,1.63208702658607,4.010918,0,0,-0.1551758957064,0.863889632037685
0.433333333333333,0.31007851082779,0,1.32376052042779,1.63375359089056,4.010803,0,0,-0.144823656333761,0.863891256236442
0.45,0.32964472318531,0,1.42697920734657,1.5125750642376,4.01069,0,0,-0.0287732927061156,0.863892945245584
0.466666666666667,0.349429768222569,0,1.53424858918462,1.36220433722062,4.010575,0,0,0.107337748686392,0.863894700520151
0.483333333333333,0.371236176578656,0,1.6452770032679,1.29726602071561,4.010461,0,0,0.17279152138787,0.863896517285624
0.5,0.395825045233174,0,1.75980970183731,1.37229834605592,4.010347,0,0,0.0882820912161412,0.86389839137165
0.516666666666667,0.422276309969278,0,1.8781514886176,1.5271415359222,4.010234,0,0,-0.0443849181641916,0.863900327763724
0.533333333333333,0.448754039015932,0,2.00055023391171,1.64960495103398,4.010119,0,0,-0.160853050282388,0.863902330515479
0.55,0.473770353089668,0,2.12688316564266,1.64370552364113,4.010005,0,0,-0.140505636210685,0.863904397615752
0.566666666666667,0.49745570756809,0,2.25717541301437,1.51734873787279,4.009892,0,0,-0.0223201397300769,0.863906529473365
0.583333333333333,0.52136779016676,0,2.39152481428138,1.36607286564982,4.009777,0,0,0.113190542418294,0.863908727686698
0.6,0.547311682043537,0,2.52963957976922,1.30416531435918,4.009664,0,0,0.171983891301062,0.86391098747904
0.616666666666667,0.575997914882344,0,2.67128516119265,1.38246546228072,4.00955,0,0,0.0847568617692726,0.863913305010408
0.633333333333333,0.606460820303759,0,2.81677085609916,1.53879490247211,4.009437,0,0,-0.0484795611178209,0.863915685338907
0.65,0.636845873791059,0,2.96632111344757,1.66057565824011,4.009323,0,0,-0.163025923379506,0.863918132134093
0.666666666666667,0.66568260659449,0,3.11979497301833,1.65278457723677,4.00921,0,0,-0.139915001052654,0.863920643086899
0.683333333333333,0.693129024066016,0,3.2772238687494,1.52424261463949,4.009095,0,0,-0.0214575009763551,0.863923218708759
0.7,0.720761310693234,0,3.43871839018924,1.37021649213052,4.008982,0,0,0.11395698908116,0.863925860806005
0.716666666666667,0.750405530151692,0,3.60399223259459,1.30518342838457,4.008868,0,0,0.172462248799387,0.863928564691622
0.733333333333333,0.782793554028991,0,3.77280525011264,1.38104068764065,4.008755,0,0,0.0867643216267314,0.863931326433971
0.75,0.816980943720697,0,3.9454610620849,1.53764358864311,4.008642,0,0,-0.0461516787610063,0.863934150997257
0.766666666666667,0.851110918885969,0,4.12218903762789,1.6629467563251,4.008529,0,0,-0.161800714611219,0.863937042130622
0.783333333333333,0.88367886029727,0,4.30284474051131,1.66005036228888,4.008415,0,0,-0.14346113428094,0.863939997467875
0.8,0.914786491364831,0,4.48745008979883,1.53321440521786,4.008302,0,0,-0.0267081418266081,0.863943017364233
0.816666666666667,0.945987270360246,0,4.67613097204282,1.37508413685023,4.008188,0,0,0.109234088526854,0.863946103875544
0.833333333333333,0.979144369143369,0,4.8686138018192,1.30082988867181,4.008075,0,0,0.173810734452642,0.863949252522895
0.85,1.01508430498413,0,5.06462776400054,1.36827528043166,4.007962,0,0,0.0943175034773874,0.863952458872953
0.866666666666667,1.05295323772462,0,5.26445832948378,1.5235603539266,4.007849,0,0,-0.0372976835322448,0.863955727591988
0.883333333333333,1.09091226164197,0,5.46836749024947,1.65637336883477,4.007736,0,0,-0.156893414840819,0.863959062961806
0.9,1.12737393145407,0,5.67622467651811,1.66547868378397,4.007623,0,0,-0.150796821537834,0.863962462842803
0.916666666666667,1.16229706087296,0,5.88802517804974,1.54506651724605,4.00751,0,0,-0.0381982193363723,0.863965927154073
0.933333333333333,1.19716224275629,0,6.10391061799488,1.38228308269308,4.007397,0,0,0.0984103325356662,0.863969458208066
0.95,1.23387810297266,0,6.32363260600631,1.29293736812973,4.007284,0,0,0.17452638510181,0.863973051938049
0.966666666666667,1.27343571866001,0,6.54686775472815,1.34512590095522,4.007171,0,0,0.107247707533325,0.863976703050959
0.983333333333333,1.3151499354337,0,6.77386084234685,1.49620264853225,4.007058,0,0,-0.0217264992624041,0.863980415546432
1,1.3572337453482,0,7.00493001079924,1.6394754920734,4.006946,0,0,-0.14728845540087,0.863984194623523
1.01666666666667,1.39798142138042,0,7.2399843868851,1.66791578785225,4.006833,0,0,-0.160738507264104,0.863988038791638
1.03333333333333,1.43711898589164,0,7.47897752110689,1.5601274669711,4.006721,0,0,-0.0559134741876348,0.863991947286739
1.05,1.47598696725765,0,7.72206137044716,1.39385416367787,4.006608,0,0,0.0804711683374204,0.863995922589413
1.06666666666667,1.51653015753871,0,7.96903139701088,1.28444162945856,4.006495,0,0,0.174532925199433,0.863999961350158
1.08333333333333,1.5599631896066,0,8.21949863903955,1.31344912698883,4.006383,0,0,0.124885322297811,0.864004057203897
1.1,1.60585879782497,0,8.47362934345194,1.4553098027824,4.00627,0,0,0.000678595093628967,0.864008212865019
1.11666666666667,1.65253858679016,0,8.73180907714328,1.60995709531213,4.006158,0,0,-0.131230181208043,0.864012434633871
1.13333333333333,1.6981692281469,0,8.99402504063463,1.66477846202124,4.006045,0,0,-0.170522127860722,0.864016722296243
1.15,1.7421562962259,0,9.26018384881316,1.57780326821799,4.005933,0,0,-0.0795268815208369,0.864021074320209
1.16666666666667,1.78560844896594,0,9.53043131361473,1.41191772651922,4.005821,0,0,0.0544931802942673,0.86402549308494
1.18333333333333,1.83046938310762,0,9.80462943178494,1.27950229430554,4.005709,0,0,0.16606915434625,0.864029976328858
1.2,1.87821325410877,0,10.0823299421865,1.27659502191749,4.005597,0,0,0.14550680872302,0.864034516717914
1.21666666666667,1.92876791711105,0,10.3635663641837,1.40137214208417,4.005485,0,0,0.0298169848593242,0.864039114795548
1.23333333333333,1.98064991485437,0,10.6487775743679,1.5650313226893,4.005372,0,0,-0.106371260651973,0.864043777732202
1.25,2.03193018960876,0,10.9380776569787,1.65179007704195,4.00526,0,0,-0.174530051393905,0.864048507387634
1.26666666666667,2.0816237977884,0,11.2313437971647,1.59581224203631,4.005148,0,0,-0.108013494680157,0.864053301748505
1.28333333333333,2.13048744525908,0,11.5286859848386,1.43781574390491,4.005036,0,0,0.0207852133377194,0.864058162607399
1.3,2.18038836033648,0,11.8300514971467,1.28300882973642,4.004924,0,0,0.146667326218428,0.864063089096749
1.31666666666667,2.2330579091816,0,12.1349675813048,1.23983884099573,4.004812,0,0,0.165183140863161,0.864068073482992
1.33333333333333,2.28887154746787,0,12.4432768379773,1.3364587829249,4.0047,0,0,0.0653099841407341,0.864073113188179
1.35,2.34665981818651,0,12.7554150580036,1.50244877076384,4.004589,0,0,-0.0703895976786208,0.864078215330623
1.36666666666667,2.40448309235352,0,13.0716672561056,1.62376113960147,4.004477,0,0,-0.173341431875437,0.864083384563272
1.38333333333333,2.4609350092779,0,13.3919357595509,1.61061021429067,4.004365,0,0,-0.138816131665656,0.864088619283592
1.4,2.51627567764839,0,13.716260425298,1.47295241120511,4.004253,0,0,-0.019861439230775,0.864093920136951
1.41666666666667,2.57216729668571,0,14.0446756200834,1.30234328372269,4.004142,0,0,0.115364178154454,0.864099287678831
1.43333333333333,2.6305375245358,0,14.3767541210162,1.21412494639554,4.00403,0,0,0.17450141697634,0.864104714920813
1.45,2.69226758134096,0,14.7121225370435,1.2694073025042,4.003919,0,0,0.104975421423361,0.864110195755043
1.46666666666667,2.75663932464807,0,15.0511021795408,1.42584156402207,4.003807,0,0,-0.0245067548104944,0.864115735427178
1.48333333333333,2.82184182388723,0,15.3941481302737,1.5781176750131,4.003695,0,0,-0.149095643025671,0.864121341368131
1.5,2.88610224439331,0,15.7412780568043,1.61813779828979,4.003584,0,0,-0.16577138830571,0.864127013860041
1.51666666666667,2.94904701387217,0,16.0924474527752,1.51725792908059,4.003473,0,0,-0.0666688945862958,0.86413275216899
1.53333333333333,3.01194991612735,0,16.4477467303872,1.34366621426694,4.003362,0,0,0.068901946523795,0.864138557765619
1.55,3.07680590019053,0,16.8068835479846,1.21075011760975,4.003251,0,0,0.172706080804116,0.864144425866403
1.56666666666667,3.14501361811654,0,17.1693152364709,1.21032985734056,4.003139,0,0,0.144673045014768,0.8641503475984
1.58333333333333,3.21645070728221,0,17.5351061516267,1.3389312415722,4.003028,0,0,0.0285418158575053,0.864156324007443
1.6,3.2896281989131,0,17.9048008922131,1.50980282491822,4.002917,0,0,-0.107551804915618,0.864162363985111
1.61666666666667,3.36256986801526,0,18.2786299194535,1.60720497725569,4.002806,0,0,-0.174532925199433,0.864168471289627
1.63333333333333,3.4342047728627,0,18.6565112179684,1.56192748458365,4.002695,0,0,-0.116380147447139,0.8641746445739
1.65,3.50518818577959,0,19.0385162097283,1.40554650679861,4.002584,0,0,0.0103291744842461,0.864180884997453
1.66666666666667,3.577370054885,0,19.4245412451168,1.23840977400592,4.002473,0,0,0.139452575817601,0.864187190859753
1.68333333333333,3.65257465903607,0,19.8140199013344,1.17224712194812,4.002362,0,0,0.17237773307604,0.864193552901295
1.7,3.73138760506345,0,20.2066633585906,1.25009891724419,4.002251,0,0,0.0863896530457127,0.864199966398219
1.71666666666667,3.81286548542704,0,20.6029198228139,1.41758118498799,4.002141,0,0,-0.0465874071822311,0.864206438665327
1.73333333333333,3.89509730398415,0,21.0032679325847,1.5655703465591,4.002029,0,0,-0.162032017004678,0.864212977513299
1.75,3.97639594587338,0,21.4077243167302,1.59198765277621,4.001919,0,0,-0.160089736151074,0.864219583206015
1.76666666666667,4.05658262970554,0,21.8162719050295,1.47953702833753,4.001808,0,0,-0.0546409632784285,0.864226255456881
1.78333333333333,4.13706182542692,0,22.2289564796218,1.30102877925898,4.001697,0,0,0.0818076649381443,0.864232995005695
1.8,4.21985271921047,0,22.645379809421,1.17064287466983,4.001587,0,0,0.174532925199433,0.864239795341311
1.81666666666667,4.30626876188258,0,23.0649604928145,1.17531731932496,4.001476,0,0,0.142198119493249,0.864246646962493
1.83333333333333,4.39612314125439,0,23.4878037133666,1.30882313839859,4.001366,0,0,0.0248172254989427,0.86425355158053
1.85,4.48789815593164,0,23.9145167429029,1.48475739302843,4.001256,0,0,-0.110951635537941,0.864260519104489
1.86666666666667,4.57958608135444,0,24.3453837613101,1.58766280098838,4.001145,0,0,-0.174532925199433,0.86426755416651
1.88333333333333,4.67008517478148,0,24.7803425758953,1.54806671124617,4.001034,0,0,-0.120613231514278,0.864274655742786
1.9,4.75999999101739,0,25.2194500412545,1.39256775294439,4.000924,0,0,0.00490462957588485,0.864281824753158
1.91666666666667,4.85117223485875,0,25.6625829624661,1.21817926096448,4.000814,0,0,0.135481280635932,0.864289059177872
1.93333333333333,4.9454810712726,0,26.1091275255609,1.13779014481573,4.000704,0,0,0.174284561130811,0.86429634898829
1.95,5.04363066352535,0,26.5587102204276,1.20221595993803,4.000594,0,0,0.0993055663424824,0.864303688080123
1.96666666666667,5.14482716654658,0,27.0117550809649,1.36814919612467,4.000484,0,0,-0.0313591507893345,0.864311083368528
1.98333333333333,5.24720545991675,0,27.4688451696884,1.5312309416535,4.000373,0,0,-0.153378358490324,0.864318544363151
2,5.34892728908693,0,27.9300863003693,1.58396490529139,4.000263,0,0,-0.169841207832572,0.86432607278237
2.01666666666667,5.44952666525818,0,28.3954390336676,1.49274622680337,4.000154,0,0,-0.0773854364967962,0.864333667973496
2.03333333333333,5.55018612724095,0,28.8649578113721,1.31508006869444,4.000043,0,0,0.0569319052061006,0.864341330816049
2.05,5.65293242230697,0,29.338302812592,1.1605618503843,3.999933,0,0,0.167256058505422,0.864349055755127
2.06666666666667,5.75933196594654,0,29.8147985246375,1.12857492686924,3.999824,0,0,0.161764418714001,0.864356831758681
2.08333333333333,5.86955771767906,0,30.2943475196059,1.23699194179673,3.999713,0,0,0.0579655649231455,0.864364657229837
2.1,5.98237576391782,0,30.7775576949928,1.4175625428723,3.999604,0,0,-0.0783012236174096,0.864372542080946
2.11666666666667,6.09575870483681,0,31.2649051793638,1.55753927399024,3.999494,0,0,-0.174532925199433,0.864380494072447
2.13333333333333,6.20817967476743,0,31.7563908122992,1.56636480405031,3.999384,0,0,-0.151452347200905,0.864388513208576
2.15,6.31970549753717,0,32.2520226840025,1.43944390207374,3.999275,0,0,-0.0392752460335102,0.864396599611773
2.16666666666667,6.43189714259354,0,32.7517866352289,1.25393187934057,3.999165,0,0,0.0973623902094136,0.864404753041388
2.18333333333333,6.54680247438755,0,33.2551604073279,1.12420328922746,3.999056,0,0,0.174532925199433,0.864412964967926
2.2,6.66564499903719,0,33.7615224218534,1.1311147505939,3.998946,0,0,0.141601476909585,0.864421225243305
2.21666666666667,6.78820214222892,0,34.271011004589,1.2685662150668,3.998837,0,0,0.0239314041985745,0.864429536116761
2.23333333333333,6.91294544668475,0,34.7843115837827,1.45297523657351,3.998728,0,0,-0.111749463412298,0.864437908760835
2.25,7.03781021062696,0,35.3017886491999,1.56961622564879,3.998618,0,0,-0.174532925199433,0.864446349111235
2.26666666666667,7.161586772805,0,35.8234010239133,1.54598342124984,3.998508,0,0,-0.131911734646717,0.864454856486242
2.28333333333333,7.28471995670352,0,36.3491882509597,1.39682094189561,3.998399,0,0,-0.0101396814634067,0.864463431520625
2.3,7.4089940655109,0,36.8790474893987,1.21078334261865,3.99829,0,0,0.123648438209889,0.864472072526983
2.31666666666667,7.53640213649305,0,37.4123393137819,1.10202407312407,3.998181,0,0,0.174532925199433,0.864480769068161
2.33333333333333,7.66789604600805,0,37.9485307854613,1.1355230713434,3.998072,0,0,0.124295662048193,0.864489512445465
2.35,7.80299393351461,0,38.4879195737155,1.29029389218373,3.997963,0,0,-9.94625149929556e-05,0.864498307505157
2.36666666666667,7.93998979609953,0,39.0312146293117,1.4743713330634,3.997854,0,0,-0.131832603044988,0.864507165798111
2.38333333333333,8.07683765239092,0,39.5787020501832,1.574524221081,3.997745,0,0,-0.174532925199433,0.864516091978766
2.4,8.21255469699634,0,40.1303294500983,1.53122132998026,3.997636,0,0,-0.118163596251381,0.864525085182321
2.41666666666667,8.3478101352289,0,40.6861494336671,1.36987732772404,3.997527,0,0,0.00805613347201638,0.864534146255604
2.43333333333333,8.48450390133764,0,41.2459909623323,1.18470563496261,3.997418,0,0,0.137807487602458,0.864543272399614
2.45,8.6245734426928,0,41.8091529305822,1.08788658720796,3.997309,0,0,0.174532925199433,0.864552452175786
2.46666666666667,8.76881537451907,0,42.3751639272931,1.13504040860357,3.997201,0,0,0.114568060657359,0.864561677891776
2.48333333333333,8.91661751982145,0,42.9444044662376,1.29847384484092,3.997092,0,0,-0.0126220073595242,0.864570955741722
2.5,9.06618752566614,0,43.5175942417965,1.48300348989878,3.996983,0,0,-0.141084453585999,0.864580297446085
2.51666666666667,9.21549189718893,0,44.0949856401218,1.57721723749911,3.996875,0,0,-0.174532925199433,0.86458970710723
2.53333333333333,9.36364227066852,0,44.6765232416343,1.52740480006106,3.996766,0,0,-0.113422185052881,0.864599183810699
2.55,9.51138351937866,0,45.2622638100123,1.36159110623596,3.996658,0,0,0.0140633253075138,0.864608728470127
2.56666666666667,9.66065787009349,0,45.8520129311584,1.17491886219931,3.996549,0,0,0.142095461810001,0.864618337906249
2.58333333333333,9.81339594102952,0,46.4450444422229,1.07850668110411,3.996441,0,0,0.174532925199433,0.864628000276824
2.6,9.97036821641151,0,47.0408902287778,1.12601748236777,3.996332,0,0,0.114566674415055,0.864637707946313
2.61666666666667,10.1309602017955,0,47.6399402869536,1.29090697301037,3.996224,0,0,-0.0126242190174899,0.864647467260225
2.63333333333333,10.2933715024457,0,48.2429340783159,1.47912452760148,3.996116,0,0,-0.141085650215737,0.864657290255332
2.65,10.4555402233985,0,48.8501381918597,1.57953680925746,3.996007,0,0,-0.174532925199433,0.864667181262946
2.66666666666667,10.616527166948,0,49.4614934823557,1.53685914013848,3.995899,0,0,-0.118936354868064,0.864677139307722
2.68333333333333,10.7770023769104,0,50.0770565940486,1.37392136317977,3.995791,0,0,0.00706534131803131,0.86468716530034
2.7,10.938885312143,0,50.6966645288622,1.18238429679111,3.995683,0,0,0.13708219840864,0.864697256574067
2.71666666666667,11.1041655886073,0,51.3195983973663,1.07404066289628,3.995575,0,0,0.174532925199433,0.864707401409977
2.73333333333333,11.2737197776634,0,51.9453271896806,1.10775816647462,3.995467,0,0,0.12483287872912,0.864717591151355
2.75,11.4470626031037,0,52.574169962037,1.26596261656891,3.995359,0,0,0.000608839985044237,0.864727830985249
2.76666666666667,11.6224732845288,0,53.2068936831397,1.46052986699086,3.995251,0,0,-0.131284384002283,0.864738133390373
2.78333333333333,11.7978246880245,0,53.8438343002663,1.5792818216132,3.995143,0,0,-0.174532925199433,0.864748503824837
2.8,11.9719817332479,0,54.4849322855801,1.55853871171441,3.995035,0,0,-0.134360609432065,0.864758941306941
2.81666666666667,12.1453794193378,0,55.1302319604688,1.40812729184601,3.994928,0,0,-0.0135330038662093,0.864769446545707
2.83333333333333,12.3198222314062,0,55.7796533986419,1.21067048622458,3.99482,0,0,0.12081316186905,0.864780018227397
2.85,12.4974045756948,0,56.4325378509292,1.07883712477711,3.994712,0,0,0.174532925199433,0.864790645616962
2.86666666666667,12.6792430534292,0,57.0882390182851,1.08332590488822,3.994605,0,0,0.143981647670426,0.864801318184609
2.88333333333333,12.8651178663043,0,57.7469079105034,1.22305308664632,3.994497,0,0,0.0274915815224284,0.864812038379401
2.9,13.0535088189083,0,58.4093145903434,1.42247350559296,3.99439,0,0,-0.108517740405262,0.864822818724191
2.91666666666667,13.2422379161327,0,59.0759281416992,1.56975943756763,3.994282,0,0,-0.174532925199433,0.864833666840763
2.93333333333333,13.4298419371566,0,59.7467152632881,1.58676688403071,3.994174,0,0,-0.15642086833007,0.864844582174122
2.95,13.6163558821451,0,60.4216800172058,1.46345668710934,3.994067,0,0,-0.0478099653768498,0.864855564777261
2.96666666666667,13.8033120650182,0,61.1008489806426,1.26527260815145,3.99396,0,0,0.0888584024918146,0.864866615069377
2.98333333333333,13.9928862303923,0,61.783715421952,1.10192656701103,3.993852,0,0,0.174532925199433,0.864877724793245
3,14.1865626862072,0,62.4695134240079,1.06147336662634,3.993745,0,0,0.166154476867544,0.86488888147739
3.01666666666667,14.3845200577662,0,63.1581224573979,1.16508067473401,3.993638,0,0,0.0675745319865841,0.864900083151807
3.03333333333333,14.5856069924581,0,63.8502185712758,1.35959663568178,3.993531,0,0,-0.0679065803862827,0.864911340803726
3.05,14.7877088438726,0,64.5464530555457,1.53977575865712,3.993424,0,0,-0.172275701038348,0.864922665014701
3.06666666666667,14.9889535873578,0,65.2468957295038,1.60920655969821,3.993317,0,0,-0.173802096707392,0.864934056906735
3.08333333333333,15.1888274897032,0,65.9514842988543,1.53385654837559,3.993209,0,0,-0.0942362132472571,0.864945515453008
3.1,15.3883527211655,0,66.6603085127834,1.35040964342925,3.993103,0,0,0.0373939662783287,0.864957042099277
3.11666666666667,15.5896347104724,0,67.373119288067,1.15672150065278,3.992996,0,0,0.156948992973649,0.864968632781406
3.13333333333333,15.794591924139,0,68.0891345362598,1.05828382404968,3.992889,0,0,0.174532925199433,0.864980274770254
3.15,16.0039349469341,0,68.8078954113041,1.10259908126535,3.992782,0,0,0.117684693424087,0.864991960595307
3.16666666666667,16.2170773485371,0,69.5297933716781,1.2706734835902,3.992675,0,0,-0.00866829204177646,0.865003696611128
3.18333333333333,16.4322014183145,0,70.2556233904004,1.47516735451283,3.992568,0,0,-0.138253212567459,0.86501549572981
3.2,16.6471079512766,0,70.9856949183147,1.60662609431862,3.992462,0,0,-0.174532925199433,0.865027362967928
3.21666666666667,16.8606022452973,0,71.7199122502383,1.60306120767358,3.992355,0,0,-0.145812493254235,0.865039296755485
3.23333333333333,17.0729465823608,0,72.4583125523624,1.46247980338683,3.992249,0,0,-0.0302875850236396,0.865051297682288
3.25,17.2858482289258,0,73.2009216897348,1.25662242549519,3.992142,0,0,0.105933910581826,0.865063366154232
3.26666666666667,17.5015275436531,0,73.9471833568044,1.0954244745166,3.992035,0,0,0.174532925199433,0.865075493116904
3.28333333333333,17.7213837560099,0,74.6963499722107,1.05887164807141,3.991929,0,0,0.164825546918876,0.865087666410486
3.3,17.9455441405095,0,75.4483340367829,1.16658489448246,3.991823,0,0,0.0644964906248014,0.865099884603195
3.31666666666667,18.1728145007272,0,76.2038341942998,1.36689755914373,3.991716,0,0,-0.0712769061718463,0.865112159035427
3.33333333333333,18.4010237911494,0,76.9635002200353,1.5564268326213,3.99161,0,0,-0.173716518106595,0.86512450025038
3.35,18.6282390992306,0,77.727374659646,1.64045266456839,3.991504,0,0,-0.174530743272472,0.865136908924376
3.36666666666667,18.8538337561246,0,78.4953623233047,1.58114773391462,3.991397,0,0,-0.108233607897452,0.865149383496259
3.38333333333333,19.0786531020733,0,79.2675769373235,1.40300999631158,3.991291,0,0,0.0205143187422175,0.865161925798361
3.4,19.304765660431,0,80.0439004605089,1.1967128854036,3.991185,0,0,0.14648776592505,0.865174533898429
3.41666666666667,19.5342653340116,0,80.8236071033799,1.06984822301141,3.991079,0,0,0.174532925199433,0.865187195995496
3.43333333333333,19.7681175100782,0,81.6061086438605,1.07931069865231,3.990973,0,0,0.141251931591235,0.865199902525872
3.45,20.006043630494,0,82.3915978116313,1.22589449614664,3.990867,0,0,0.0234160224812426,0.865212656608624
3.46666666666667,20.246450380512,0,83.180874722743,1.43857481733234,3.990761,0,0,-0.112211983954868,0.865225471222906
3.48333333333333,20.4870423519301,0,83.9743975049239,1.60941019104547,3.990655,0,0,-0.174532925199433,0.865238336689832
3.5,20.7262010870526,0,84.7720742571493,1.66133424922218,3.99055,0,0,-0.170982502493768,0.865251251401584
3.51666666666667,20.9636413606042,0,85.5738486993403,1.56834601257609,3.990444,0,0,-0.0810583416537104,0.865264231458094
3.53333333333333,21.2005624641641,0,86.3798717787616,1.37176553824823,3.990338,0,0,0.0527404878576107,0.865277279287513
3.55,21.4391890158001,0,87.1899201136633,1.17041101306259,3.990232,0,0,0.165199988795986,0.865290391258241
3.56666666666667,21.6814689108903,0,88.0032224259305,1.06450145319052,3.990127,0,0,0.174532925199433,0.865303554872149
3.58333333333333,21.9281331912913,0,88.8193105049171,1.09892651184454,3.990021,0,0,0.124864674406435,0.865316762539671
3.6,22.1786767953359,0,89.638522577787,1.26430826008829,3.989916,0,0,0.000650901793056959,0.865330019723514
3.61666666666667,22.4313039088706,0,90.4616640491961,1.48180558304788,3.98981,0,0,-0.131251731192807,0.865343339443971
3.63333333333333,22.6836902342191,0,91.289066757917,1.64437093219683,3.989705,0,0,-0.174532925199433,0.865356727055047
3.65,22.9343796509663,0,92.1205778317014,1.68477911131831,3.989599,0,0,-0.167802128128161,0.865370180067123
3.66666666666667,23.1832071261541,0,92.956158272391,1.58028807484927,3.989494,0,0,-0.0716762646334485,0.865383697833424
3.68333333333333,23.4314872254039,0,93.7959911842696,1.37670584066251,3.989388,0,0,0.0633598067777681,0.865397283300003
3.7,23.6815023046866,0,94.6398507540404,1.17442317986476,3.989283,0,0,0.170257938156575,0.865410932797852
3.71666666666667,23.9351779656988,0,95.4869746112417,1.06994973629317,3.989178,0,0,0.174532925199433,0.865424633981265
3.73333333333333,24.1932157762971,0,96.3369154053993,1.10560454381501,3.989073,0,0,0.123943112860746,0.865438379602961
3.75,24.4550948634916,0,97.1900168482645,1.27301492823734,3.988968,0,0,-0.00056345515595868,0.865452175209811
3.76666666666667,24.7189909909829,0,98.047077135135,1.49474536214131,3.988863,0,0,-0.132190342304732,0.865466033695406
3.78333333333333,24.9825423553133,0,98.9084031027821,1.66507979210731,3.988758,0,0,-0.174532925199433,0.865479960004866
3.8,25.2442457164909,0,99.7738079981664,1.71734357205106,3.988653,0,0,-0.171593568114309,0.865493951101986
3.81666666666667,25.5038315402015,0,100.64322044238,1.62450330022025,3.988548,0,0,-0.083242333298587,0.865508005816507
3.83333333333333,25.7624822154687,0,101.516859210374,1.42360478045782,3.988443,0,0,0.0502292563393969,0.865522127668478
3.85,26.0224637423581,0,102.394623634452,1.21116632750751,3.988338,0,0,0.163929202420821,0.865536315013719
3.86666666666667,26.2858515238618,0,103.275802594278,1.08675358562681,3.988233,0,0,0.174532925199433,0.865550556342987
3.88333333333333,26.5535256121893,0,104.159868554151,1.09754084175972,3.988129,0,0,0.140212579972484,0.865564843117563
3.9,26.8251837318678,0,105.04702216247,1.24780012070399,3.988024,0,0,0.0218903261748815,0.865579178567743
3.91666666666667,27.0991713513772,0,105.938047493151,1.47149763149304,3.987919,0,0,-0.113573020340287,0.865593575348982
3.93333333333333,27.3730847609924,0,106.833346032819,1.66500474222804,3.987815,0,0,-0.174532925199433,0.865608039931483
3.95,27.6451557179907,0,107.73272901915,1.75262326269039,3.98771,0,0,-0.174532925199433,0.865622569248206
3.96666666666667,27.9148081515616,0,108.636031927544,1.69924149458696,3.987606,0,0,-0.115699355702992,0.865637160624577
3.98333333333333,28.1828004318137,0,109.543451183231,1.51797184795804,3.987501,0,0,0.0111925916153931,0.865651817216694
4,28.451212646059,0,110.455124279922,1.2925636448619,3.987397,0,0,0.140070580112168,0.865666541227724
4.01666666666667,28.7223789223622,0,111.37051892984,1.12867558363851,3.987293,0,0,0.174532925199433,0.865681324044054
4.03333333333333,28.9975966905443,0,112.288976024372,1.08723641958607,3.987188,0,0,0.166592363439442,0.865696155007291
4.05,29.277008274978,0,113.210401003696,1.19189425483342,3.987084,0,0,0.0686321508005123,0.86571103257769
4.06666666666667,29.559411831138,0,114.135454119293,1.40266587118365,3.98698,0,0,-0.0667403057504204,0.865725967401747
4.08333333333333,29.8425106468592,0,115.064743404973,1.6258091474287,3.986876,0,0,-0.171765909229901,0.865740969279209
4.1,30.1241020924713,0,115.998190356427,1.76838402612211,3.986772,0,0,-0.174532925199433,0.865756036924664
4.11666666666667,30.4031267921591,0,116.935509448455,1.78561157479869,3.986668,0,0,-0.15981861728358,0.86577116571179
4.13333333333333,30.6796397600208,0,117.876716699047,1.65771354680377,3.986564,0,0,-0.0541169080384767,0.865786355882284
4.15,30.9551623033404,0,118.82215058731,1.4364493868314,3.98646,0,0,0.0823562400331477,0.865801612881167
4.16666666666667,31.232117534078,0,119.771707952645,1.22393786705938,3.986356,0,0,0.174532925199433,0.865816935025363
4.18333333333333,31.5124817262399,0,120.724712126353,1.10797128056308,3.986252,0,0,0.174532925199433,0.865832311379454
4.2,31.7970243904663,0,121.680712381123,1.12817112545198,3.986148,0,0,0.133788051010572,0.865847734656926
4.21666666666667,32.085347103522,0,122.639956485252,1.28785189935025,3.986044,0,0,0.0127344764085949,0.865863208841241
4.23333333333333,32.3756699450587,0,123.603196495974,1.5213071553787,3.985941,0,0,-0.121485782884986,0.865878746048257
4.25,32.6655016940022,0,124.570713430861,1.72789674888705,3.985837,0,0,-0.174532925199433,0.865894350792367
4.26666666666667,32.9530377071326,0,125.542197502894,1.83691108523077,3.985734,0,0,-0.174532925199433,0.865910018058636
4.28333333333333,33.2375633156224,0,126.517380243508,1.81152086723776,3.98563,0,0,-0.136893840759592,0.86592574350021
4.3,33.5195315142817,0,127.496432740491,1.6463415464405,3.985527,0,0,-0.0171048924360149,0.865941529858908
4.31666666666667,33.8008234358045,0,128.479745576204,1.41085548665848,3.985423,0,0,0.117763564078448,0.865957383414076
4.33333333333333,34.0839385953076,0,129.46710522954,1.2107167205983,3.98532,0,0,0.174532925199433,0.865973300704309
4.35,34.3706022652807,0,130.457858483282,1.1171002693762,3.985216,0,0,0.174532925199433,0.865989271182058
4.36666666666667,34.66138316981,0,131.451667773547,1.16449729248742,3.985113,0,0,0.114701968636226,0.86600528939117
4.38333333333333,34.955617293689,0,132.448916503095,1.34556190849559,3.98501,0,0,-0.0124533089389977,0.866021361496427
4.4,35.251286220767,0,133.450308127829,1.58716168545305,3.984906,0,0,-0.140965388774765,0.866037498817547
4.41666666666667,35.5458725985416,0,134.455929667443,1.7902791204987,3.984803,0,0,-0.174532925199433,0.866053702737423
4.43333333333333,35.8377264137762,0,135.465368339778,1.8950225783766,3.9847,0,0,-0.174532925199433,0.866069966586061
4.45,36.1261919951734,0,136.478328927251,1.86512363731164,3.984597,0,0,-0.135188652323455,0.866086285589859
4.46666666666667,36.4117512119756,0,137.495024936819,1.69465800013364,3.984494,0,0,-0.0146926978459311,0.866102663171449
4.48333333333333,36.6963070878314,0,138.515950947701,1.45260227397142,3.984391,0,0,0.119830416563226,0.866119107279117
4.5,36.9824068370695,0,139.541000901295,1.24440203296411,3.984288,0,0,0.174532925199433,0.866135616184852
4.51666666666667,37.2718492769602,0,140.569568637647,1.13926623578409,3.984186,0,0,0.174532925199433,0.866152180108049
4.53333333333333,37.5652959964626,0,141.601284563636,1.17232005754376,3.984083,0,0,0.12443855513366,0.866168793081021
4.55,37.8622098995658,0,142.636451062438,1.34438967992045,3.98398,0,0,8.85177911925072e-05,0.866185459957113
4.56666666666667,38.1606471751652,0,143.675754201745,1.58948918281355,3.983877,0,0,-0.131687385299999,0.86620219176431
4.58333333333333,38.4580316715116,0,144.719295278222,1.81041016811502,3.983774,0,0,-0.174532925199433,0.866218990113298
4.6,38.7525446651035,0,145.766600778773,1.94359211041728,3.983672,0,0,-0.174532925199433,0.866235847362434
4.61666666666667,39.0433452546861,0,146.817252845759,1.95298439640734,3.983569,0,0,-0.158656596633814,0.86625275676875
4.63333333333333,39.3305426186321,0,147.871308721075,1.81485471399151,3.983467,0,0,-0.0519044647807323,0.866269719237169
4.65,39.615666839247,0,148.929380228222,1.57671129402628,3.983364,0,0,0.0846579938924303,0.86628674459545
4.66666666666667,39.9012405782513,0,149.99173269329,1.33940008556355,3.983262,0,0,0.174532925199433,0.86630383709264
4.68333333333333,40.1894843280155,0,151.057909174226,1.18775057742064,3.983159,0,0,0.174532925199433,0.866320989357012
4.7,40.4814632114567,0,152.12741430806,1.15972871918633,3.983057,0,0,0.160044278042341,0.866338193401755
4.71666666666667,40.7771986499423,0,153.200235481445,1.27968741476101,3.982955,0,0,0.0545526022446362,0.866355449007574
4.73333333333333,41.0752651847227,0,154.276993701843,1.5087368098045,3.982852,0,0,-0.0819002257105441,0.866372766145027
4.75,41.3731512156792,0,155.358059338659,1.75912803195308,3.982751,0,0,-0.174532925199433,0.86639015075015
4.76666666666667,41.6685494297743,0,156.443036859031,1.94762849250402,3.982648,0,0,-0.174532925199433,0.86640759644186
4.78333333333333,41.9601917488728,0,157.531337750482,2.03629639675408,3.982546,0,0,-0.174532925199433,0.866425093739209
4.8,42.2475823029789,0,158.622641414438,1.98726926404307,3.982444,0,0,-0.125585654102002,0.866442637471887
4.81666666666667,42.5313335766271,0,159.717319936223,1.79762931482621,3.982342,0,0,-0.00160263888753209,0.866460233605469
4.83333333333333,42.8134429319839,0,160.816121896888,1.53849559529317,3.982241,0,0,0.130510834976057,0.866477894153931
4.85,43.0965516890593,0,161.919166533318,1.31465123024018,3.982139,0,0,0.174532925199433,0.866495621012511
4.86666666666667,43.3825634890352,0,163.025965250276,1.18753996456241,3.982037,0,0,0.174532925199433,0.866513406308717
4.88333333333333,43.6723171519227,0,164.136108808056,1.191305006449,3.981935,0,0,0.142433873508126,0.866531243448351
4.9,43.9655382712345,0,165.249742356217,1.34144752716019,3.981833,0,0,0.0251679312328183,0.866549134746128
4.91666666666667,44.260470638307,0,166.367498308808,1.58734313390155,3.981731,0,0,-0.110634358949475,0.866567090342663
4.93333333333333,44.5544754491181,0,167.489520138413,1.83837962269071,3.98163,0,0,-0.174532925199433,0.866585112521107
4.95,44.8454197723036,0,168.615232828382,2.0240974090959,3.981529,0,0,-0.174532925199433,0.86660322548871
